Experiment Id,Category,Dataset,Mean,StdDev,Min,Max,Range,MAE,sMAE,Time,Points,Throughput
0,NETWORK IP TRAFFIC,accessnetwork_TCP_TCP_frame_length.csv,843.9509,223.8227,452.8859,1491.3767,1038.4908,5.0635,0.0049,00:00:01,1670,1199.1247
1,NETWORK IP TRAFFIC,accessnetwork_TCP_TCP_tcp_window_size.csv,29015.4389,2902.2413,22123.8458,32839.7745,10715.9287,44.8297,0.0042,00:00:00,1670,4303.6649
2,NETWORK IP TRAFFIC,afs-kaserver_TCP_TCP_frame_length.csv,783.6823,319.4542,221.1309,1298.2731,1077.1423,4.2289,0.0039,00:00:00,1868,5060.4396
3,NETWORK IP TRAFFIC,afs-kaserver_TCP_TCP_tcp_window_size.csv,60022.1327,5380.3203,31099.8011,65486.5222,34386.721,107.5649,0.0031,00:00:00,1868,4120.8054
4,NETWORK IP TRAFFIC,agcat_TCP_TCP_frame_length.csv,556.3203,590.0844,68,1447.3138,1379.3138,2.2824,0.0017,00:00:00,999,9355.7692
5,NETWORK IP TRAFFIC,agcat_TCP_TCP_tcp_window_size.csv,43764.9924,13315.235,32127.2661,64362.7394,32235.4733,50.0135,0.0016,00:00:00,999,11865.8537
6,NETWORK IP TRAFFIC,amt-esd-prot_TCP_TCP_frame_length.csv,618.1122,117.5931,328.8377,904.1157,575.278,4.9333,0.0086,00:00:00,1373,5520.4918
7,NETWORK IP TRAFFIC,amt-esd-prot_TCP_TCP_tcp_window_size.csv,27286.4536,7042.6554,11121.6397,32768,21646.3603,43.4694,0.002,00:00:00,1373,10052.2388
8,NETWORK IP TRAFFIC,avast_TCP_TCP_frame_length.csv,1390.3148,211.1173,656.1298,1522,865.8702,2.0636,0.0024,00:00:00,1373,6570.7317
9,NETWORK IP TRAFFIC,boinc-client_TCP_TCP_frame_length.csv,627.8577,116.024,336.0311,988.3726,652.3415,4.016,0.0062,00:00:00,1729,6238.0952
10,NETWORK IP TRAFFIC,boinc-client_TCP_TCP_tcp_window_size.csv,26447.4256,7119.9197,11802.3186,32768,20965.6814,45.6274,0.0022,00:00:00,1729,9205.4054
11,NETWORK IP TRAFFIC,cadkey-tablet_TCP_TCP_frame_length.csv,352.3476,472.971,74.2383,1521.9711,1447.7329,1.8374,0.0013,00:00:00,2354,7708.6093
12,NETWORK IP TRAFFIC,cadkey-tablet_TCP_TCP_ip_ttl.csv,134.1292,28.1884,67.1091,208.3339,141.2247,0.5559,0.0039,00:00:00,2354,10728.1106
13,NETWORK IP TRAFFIC,cadkey-tablet_TCP_TCP_tcp_window_size.csv,48809.0949,8561.8622,35998.1065,64623.6658,28625.5593,87.4989,0.0031,00:00:00,2354,5255.079
14,NETWORK IP TRAFFIC,cassandra-thrift_TCP_TCP_frame_length.csv,1407.8127,118.7704,891.2568,1522,630.7432,1.7851,0.0028,00:00:02,10000,4183.7248
15,NETWORK IP TRAFFIC,childkey-ctrl_TCP_TCP_frame_length.csv,1071.0447,405.7443,68,1521.5086,1453.5086,3.4157,0.0024,00:00:00,4335,6402.6746
16,NETWORK IP TRAFFIC,childkey-ctrl_TCP_TCP_tcp_window_size.csv,55223.3383,9101.5324,32243.7632,64892.0655,32648.3023,77.643,0.0024,00:00:00,4335,7145.937
17,NETWORK IP TRAFFIC,cisco-sccp_TCP_TCP_frame_length.csv,76.3462,3.1759,70.7046,102.9682,32.2636,0.0868,0.0027,00:00:00,2597,8034.375
18,NETWORK IP TRAFFIC,cisco-sccp_TCP_TCP_tcp_window_size.csv,11004.3524,1666.103,7457.1783,14881.6482,7424.47,53.2277,0.0072,00:00:00,2597,6225.1816
19,NETWORK IP TRAFFIC,cma_TCP_TCP_frame_length.csv,633.0636,116.084,219.2176,962.2582,743.0406,4.8447,0.0065,00:00:00,1591,12620.9677
20,NETWORK IP TRAFFIC,codasrv_TCP_TCP_frame_length.csv,1076.3959,348.9104,68,1487.1982,1419.1982,3.3834,0.0024,00:00:00,5800,7007.2816
21,NETWORK IP TRAFFIC,codasrv_TCP_TCP_tcp_window_size.csv,55244.4989,7805.4502,31714.8033,64248.1138,32533.3105,73.2051,0.0023,00:00:00,5800,6923.2614
22,NETWORK IP TRAFFIC,cogsys-lm_TCP_TCP_tcp_window_size.csv,55885.8285,13306.9517,32360.2603,64952.6179,32592.3577,23.997,0.0007,00:00:00,2280,15229.7297
23,NETWORK IP TRAFFIC,commplex-link_TCP_TCP_frame_length.csv,1184.7703,150.9647,722.1408,1492.9431,770.8023,3.0067,0.0039,00:00:02,10000,4894.0137
24,NETWORK IP TRAFFIC,commplex-link_TCP_TCP_ip_ttl.csv,96.1395,7.5418,74.2547,117.6364,43.3817,0.1766,0.0041,00:00:01,10000,5489.268
25,NETWORK IP TRAFFIC,commplex-link_TCP_TCP_tcp_window_size.csv,5787.0083,3088.6049,419.0338,15489.8217,15070.7879,61.9993,0.0041,00:00:01,10000,5867.0588
26,NETWORK IP TRAFFIC,con_TCP_TCP_frame_length.csv,1299.1643,169.531,539.992,1511.8111,971.8191,3.5953,0.0037,00:00:00,1811,15127.1186
27,NETWORK IP TRAFFIC,con_TCP_TCP_tcp_window_size.csv,25531.8749,6306.1563,14943.2271,32849.2053,17905.9783,38.3014,0.0021,00:00:00,1811,11590.9091
28,NETWORK IP TRAFFIC,corba-iiop-ssl_TCP_TCP_frame_length.csv,430.593,185.5603,118.5609,905.2912,786.7304,2.5559,0.0032,00:00:00,1085,10806.1224
29,NETWORK IP TRAFFIC,corba-iiop-ssl_TCP_TCP_tcp_window_size.csv,23552.8337,8748.3664,9987.2504,41435.8247,31448.5743,125.8566,0.004,00:00:00,1085,9540.5405
30,NETWORK IP TRAFFIC,cosmocall_TCP_TCP_tcp_window_size.csv,54829.4857,13790.5856,32768,64896.4266,32128.4266,26.1465,0.0008,00:00:00,2295,8498.1273
31,NETWORK IP TRAFFIC,cvd_TCP_TCP_frame_length.csv,1421.7892,217.8559,443.9994,1522,1078.0006,1.0702,0.001,00:00:01,7628,5074.7664
32,NETWORK IP TRAFFIC,cycleserv_TCP_TCP_frame_length.csv,637.0043,580.1713,84.0414,1486.6292,1402.5879,1.6304,0.0012,00:00:00,5457,6754.9751
33,NETWORK IP TRAFFIC,cycleserv_TCP_TCP_tcp_window_size.csv,20582.4651,13423.1233,3081.9844,32715.8415,29633.8572,2.3397,0.0001,00:00:00,5457,7522.1607
34,SYNTHETIC,data_stress_val.csv,-0.0314,5.0971,-18.3397,21.1245,39.4642,2.9096,0.0737,00:00:39,20000,508.3478
35,NETWORK IP TRAFFIC,dcutility_TCP_TCP_frame_length.csv,633.6085,119.278,303.7433,931.8687,628.1254,4.9412,0.0079,00:00:00,1421,8353.2934
36,NETWORK IP TRAFFIC,dcutility_TCP_TCP_tcp_window_size.csv,26627.9869,7324.9438,7834.7093,32768,24933.2907,51.5277,0.0021,00:00:00,1421,12345.1327
37,NETWORK IP TRAFFIC,dnp_TCP_TCP_frame_length.csv,446.0559,124.1364,96.402,831.5398,735.1378,2.8483,0.0039,00:00:02,10000,3911.3725
38,NETWORK IP TRAFFIC,dnp_TCP_TCP_ip_ttl.csv,149.8091,32.3088,64,246.1705,182.1705,0.4458,0.0024,00:00:02,10000,4109.6003
39,NETWORK IP TRAFFIC,dnp_TCP_TCP_tcp_window_size.csv,40803.1333,13667.076,124.3618,65206.8187,65082.4569,176.0492,0.0027,00:00:02,10000,4338.408
40,NETWORK IP TRAFFIC,elasticsearch_TCP_TCP_frame_length.csv,1146.6894,329.9921,211.9932,1514.7609,1302.7677,3.803,0.0029,00:00:00,2480,8125.8278
41,NETWORK IP TRAFFIC,etlservicemgr_TCP_TCP_frame_length.csv,1291.5135,345.6633,188.409,1522,1333.591,1.9659,0.0015,00:00:01,6714,4983.6066
42,ELECTICITY USAGE,ETTh1_HUFL.csv,7.3756,3.2464,-4.4909,20.4027,24.8935,0.0573,0.0023,00:00:07,17420,2349.588
43,ELECTICITY USAGE,ETTh1_HULL.csv,2.2424,1.6957,-3.2242,7.2341,10.4583,0.0125,0.0012,00:00:06,17420,2488.7681
44,ELECTICITY USAGE,ETTh1_MUFL.csv,4.3007,3.0253,-7.9518,15.5652,23.517,0.0553,0.0024,00:00:05,17420,2966.2347
45,ELECTICITY USAGE,ETTh1_MULL.csv,0.8817,1.5229,-4.8668,4.7835,9.6503,0.0099,0.001,00:00:06,17420,2776.8199
46,ELECTICITY USAGE,ETTh1_OT.csv,13.3242,8.3775,-2.1528,41.4564,43.6093,0.0246,0.0006,00:00:05,17420,3322.6361
47,ELECTICITY USAGE,ETTh2_HUFL.csv,37.193,9.1067,6.1344,97.1596,91.0253,0.0527,0.0006,00:00:05,17420,3200.9569
48,ELECTICITY USAGE,ETTh2_HULL.csv,8.5375,5.6677,-6.2616,28.6334,34.8951,0.0225,0.0006,00:00:06,17420,2870.297
49,ELECTICITY USAGE,ETTh2_LUFL.csv,-3.4236,6.0242,-12.2838,12.5131,24.797,0.012,0.0005,00:00:08,17420,1955.4806
50,ELECTICITY USAGE,ETTh2_LULL.csv,-2.086,5.9387,-31.462,2.3911,33.8531,0.0058,0.0002,00:00:04,17420,4194.3574
51,ELECTICITY USAGE,ETTh2_MUFL.csv,43.83,12.3967,15.131,88.298,73.167,0.046,0.0006,00:00:05,17420,2903.8397
52,ELECTICITY USAGE,ETTh2_MULL.csv,8.3227,4.0876,-4.518,23.8723,28.3904,0.0172,0.0006,00:00:05,17420,3005.7024
53,ELECTICITY USAGE,ETTh2_OT.csv,26.6085,11.1784,2.5042,49.9649,47.4606,0.05,0.0011,00:00:06,17420,2673.1213
54,ELECTICITY USAGE,ETTm1_HUFL.csv,7.4138,5.6411,-17.9388,21.367,39.3058,0.0342,0.0009,00:00:25,69680,2742.8234
55,ELECTICITY USAGE,ETTm1_HULL.csv,2.2614,1.8585,-4.2847,9.0679,13.3526,0.0106,0.0008,00:00:30,69680,2290.5719
56,ELECTICITY USAGE,ETTm1_LUFL.csv,3.0829,1.006,0,8.285,8.285,0.0078,0.0009,00:00:26,69680,2626.0745
57,ELECTICITY USAGE,ETTm1_MUFL.csv,4.322,5.4354,-20.7296,16.346,37.0756,0.0294,0.0008,00:00:22,69680,3157.6227
58,ELECTICITY USAGE,ETTm1_MULL.csv,0.8965,1.6497,-5.5469,6.4309,11.9778,0.0091,0.0008,00:00:30,69680,2251.406
59,ELECTICITY USAGE,ETTm1_OT.csv,13.3206,8.496,-3.5756,44.0498,47.6254,0.014,0.0003,00:00:24,69680,2870.1994
60,ELECTICITY USAGE,ETTm2_HUFL.csv,37.2194,9.7392,0,102.2248,102.2248,0.0362,0.0004,00:00:39,69680,1773.1786
61,ELECTICITY USAGE,ETTm2_HULL.csv,8.5542,5.8414,-9.3672,32.0228,41.39,0.0156,0.0004,00:00:28,69680,2478.0845
62,ELECTICITY USAGE,ETTm2_LUFL.csv,-3.4307,6.0853,-13.1787,15.2021,28.3808,0.0093,0.0003,00:00:35,69680,1944.339
63,ELECTICITY USAGE,ETTm2_LULL.csv,-2.0849,5.9846,-31.462,2.614,34.076,0.0045,0.0001,00:00:30,69680,2296.3109
64,ELECTICITY USAGE,ETTm2_MUFL.csv,43.8614,12.751,12.0393,88.2987,76.2594,0.0321,0.0004,00:00:19,69680,3505.8385
65,ELECTICITY USAGE,ETTm2_MULL.csv,8.3402,4.2119,-6.1253,26.2666,32.392,0.0129,0.0004,00:00:38,69680,1815.6557
66,ELECTICITY USAGE,ETTm2_OT.csv,26.6097,11.6358,-1.1296,55.4584,56.5879,0.0225,0.0004,00:00:18,69680,3700.4728
67,NETWORK IP TRAFFIC,exp_TCP_TCP_frame_length.csv,1022.9616,128.9519,595.0595,1342.3666,747.3072,4.3311,0.0058,00:00:00,1297,8361.8421
68,NETWORK IP TRAFFIC,exp_TCP_TCP_tcp_window_size.csv,14040.0604,1516.6443,6966.8017,17857.5532,10890.7515,51.8728,0.0048,00:00:00,1297,13815.2174
69,NETWORK IP TRAFFIC,fcp-udp_TCP_TCP_frame_length.csv,1269.8632,150.06,668.0992,1514.6226,846.5234,3.5342,0.0042,00:00:00,3392,4277.0013
70,NETWORK IP TRAFFIC,fcp-udp_TCP_TCP_tcp_window_size.csv,21636.0806,4730.4385,15404.5536,31321.2775,15916.7239,45.7783,0.0029,00:00:00,3392,8091.3462
71,NETWORK IP TRAFFIC,ftp-data_TCP_TCP_frame_length.csv,1222.5227,337.7931,289.5479,1522,1232.4521,3.705,0.003,00:00:00,3150,10662.116
72,NETWORK IP TRAFFIC,ftp-data_TCP_TCP_ip_ttl.csv,69.9221,18.8599,56.4386,128,71.5614,0.0506,0.0007,00:00:00,3150,12751.0204
73,NETWORK IP TRAFFIC,ftp-data_TCP_TCP_tcp_window_size.csv,11934.0317,21208.5319,15.0003,64436,64420.9997,79.8035,0.0012,00:00:00,3150,6703.8627
74,NETWORK IP TRAFFIC,ftp_TCP_TCP_frame_length.csv,166.221,32.8063,82.4184,282.4324,200.014,0.9383,0.0047,00:00:02,10000,3377.5821
75,NETWORK IP TRAFFIC,ftp_TCP_TCP_tcp_window_size.csv,16879.7734,2707.4039,1487.53,21532.6734,20045.1434,43.0548,0.0021,00:00:02,10000,4081.0147
76,NETWORK IP TRAFFIC,ftranhc_TCP_TCP_frame_length.csv,610.5096,110.0082,118.893,982.1374,863.2444,3.4966,0.0041,00:00:02,9993,4054.9227
77,NETWORK IP TRAFFIC,ftranhc_TCP_TCP_tcp_window_size.csv,26413.0192,7714.4709,7125.7573,32768,25642.2427,31.8331,0.0012,00:00:00,9993,11173.7668
78,NETWORK IP TRAFFIC,gammafetchsvr_TCP_TCP_tcp_window_size.csv,56365.1987,12480.8688,32651.5029,64972.1653,32320.6623,36.4575,0.0011,00:00:00,2415,5674.5843
79,NETWORK IP TRAFFIC,gemini-lm_TCP_TCP_frame_length.csv,603.5803,299.7456,141.4527,1437.2454,1295.7928,3.0294,0.0023,00:00:02,10000,3773.742
80,NETWORK IP TRAFFIC,gemini-lm_TCP_TCP_ip_ttl.csv,59.4757,0.6304,57.383,61.9764,4.5934,0.0111,0.0024,00:00:02,10000,4271.5203
81,NETWORK IP TRAFFIC,gemini-lm_TCP_TCP_tcp_window_size.csv,30405.1957,11511.7191,5572.4191,59962.1724,54389.7533,132.7451,0.0024,00:00:03,10000,3030.6898
82,NETWORK IP TRAFFIC,glrpc_TCP_TCP_frame_length.csv,1190.0807,314.6504,454.9165,1503.68,1048.7635,4.49,0.0043,00:00:00,922,5463.4146
83,NETWORK IP TRAFFIC,glrpc_TCP_TCP_tcp_window_size.csv,4504.9565,2777.0315,647.9306,14640.3441,13992.4135,85.1552,0.0061,00:00:00,922,9431.5789
84,NETWORK IP TRAFFIC,gtp-control_TCP_TCP_frame_length.csv,1010.871,477.9159,68,1522,1454,2.3442,0.0016,00:00:03,10000,2653.3653
85,NETWORK IP TRAFFIC,gtp-control_TCP_TCP_tcp_window_size.csv,64207.9278,675.7828,63318.9216,65535,2216.0784,3.7831,0.0017,00:00:04,10000,2417.9394
86,NETWORK IP TRAFFIC,hive-server_TCP_TCP_frame_length.csv,337.3219,309.2767,75.2855,1127.5019,1052.2165,3.3714,0.0032,00:00:00,924,5831.1688
87,NETWORK IP TRAFFIC,hive-server_TCP_TCP_tcp_window_size.csv,3039.184,2739.2358,201.1659,12998.6125,12797.4466,21.6955,0.0017,00:00:00,924,5947.0199
88,NETWORK IP TRAFFIC,hive-webui_TCP_TCP_frame_length.csv,975.8199,308.8211,93.7337,1511.4037,1417.67,5.1718,0.0036,00:00:00,1708,4072.6392
89,NETWORK IP TRAFFIC,hive-webui_TCP_TCP_tcp_window_size.csv,32387.9478,11512.8687,13823.6103,63917.6033,50093.993,156.8239,0.0031,00:00:00,1708,3432.6531
90,NETWORK IP TRAFFIC,hri-port_TCP_TCP_frame_length.csv,1090.0804,184.2038,737.7176,1522,784.2824,3.755,0.0048,00:00:00,1523,3992
91,NETWORK IP TRAFFIC,hri-port_TCP_TCP_tcp_window_size.csv,64084.7377,260.4869,63462.0285,64617.73,1155.7015,6.5192,0.0056,00:00:00,1523,3633.4951
92,NETWORK IP TRAFFIC,http-alt_TCP_TCP_frame_length.csv,994.829,351.8869,68.0089,1511.3471,1443.3382,3.1174,0.0022,00:00:04,10000,2422.6378
93,NETWORK IP TRAFFIC,http-alt_TCP_TCP_ip_ttl.csv,90.997,36.1273,59.2211,217.2788,158.0577,0.2207,0.0014,00:00:03,10000,2612.3625
94,NETWORK IP TRAFFIC,http-alt_TCP_TCP_tcp_window_size.csv,3999.1993,5275.3287,91.0464,32682.6738,32591.6274,32.3084,0.001,00:00:03,10000,3275.5337
95,NETWORK IP TRAFFIC,https_TCP_TCP_frame_length.csv,258.8089,78.5208,66.9848,540.4613,473.4766,2.6596,0.0056,00:00:03,10000,3155.3306
96,NETWORK IP TRAFFIC,https_TCP_TCP_ip_ttl.csv,183.6635,15.2902,139.2301,239.4238,100.1937,0.4703,0.0047,00:00:02,10000,3870.3919
97,NETWORK IP TRAFFIC,https_TCP_TCP_tcp_window_size.csv,22310.9643,2361.3049,14342.1819,30916.0691,16573.8872,70.8629,0.0043,00:00:02,10000,4535.698
98,NETWORK IP TRAFFIC,http_TCP_TCP_frame_length.csv,1118.908,224.3416,383.2298,1473.6837,1090.454,3.1996,0.0029,00:00:02,10000,3903.7182
99,NETWORK IP TRAFFIC,http_TCP_TCP_tcp_window_size.csv,16045.6314,3288.038,5100.4317,26387.1468,21286.7151,88.8058,0.0042,00:00:03,10000,3224.7009
100,NETWORK IP TRAFFIC,hyperwave-isp_TCP_TCP_frame_length.csv,1040.7142,121.7581,654.4971,1338.13,683.6328,4.6188,0.0068,00:00:00,1346,4647.8873
101,NETWORK IP TRAFFIC,hyperwave-isp_TCP_TCP_tcp_window_size.csv,12611.6252,1728.1956,8338.5078,18385.8105,10047.3027,60.8435,0.0061,00:00:00,1346,6534.6535
102,NETWORK IP TRAFFIC,influxdb-rpc_TCP_TCP_frame_length.csv,817.8348,430.9104,78.4464,1359.0475,1280.6011,3.6022,0.0028,00:00:00,1443,4803.3898
103,NETWORK IP TRAFFIC,influxdb-rpc_TCP_TCP_tcp_window_size.csv,1692.8772,1692.6041,129.4826,6348.4355,6218.9528,25.8168,0.0042,00:00:00,1443,4755.0336
104,NETWORK IP TRAFFIC,infobright_TCP_TCP_frame_length.csv,1250.1297,205.141,433.1218,1507.759,1074.6373,3.1855,0.003,00:00:00,1598,4330.5785
105,NETWORK IP TRAFFIC,irdmi_TCP_TCP_frame_length.csv,1062.1426,428.4417,135.5493,1522,1386.4507,3.1384,0.0023,00:00:01,3568,3412.3314
106,NETWORK IP TRAFFIC,irdmi_TCP_TCP_tcp_window_size.csv,5090.4091,8103.9916,130,34190.4205,34060.4205,51.1832,0.0015,00:00:00,3568,5577.9528
107,NETWORK IP TRAFFIC,irtrans_TCP_TCP_frame_length.csv,758.4841,302.1507,152.2992,1521.7893,1369.4901,3.3752,0.0025,00:00:01,5189,4601.6043
108,NETWORK IP TRAFFIC,irtrans_TCP_TCP_ip_ttl.csv,137.2214,39.3382,63.677,242.5026,178.8256,0.4889,0.0027,00:00:01,5189,3519.4274
109,NETWORK IP TRAFFIC,irtrans_TCP_TCP_tcp_window_size.csv,41023.6885,17993.783,229.0246,61671.222,61442.1974,159.2497,0.0026,00:00:01,5189,3426.0119
110,NETWORK IP TRAFFIC,isoipsigport-_TCP_TCP_frame_length.csv,485.4389,100.5468,296.4799,819.8679,523.388,3.8317,0.0073,00:00:00,1454,4666.6667
111,NETWORK IP TRAFFIC,isoipsigport-_TCP_TCP_tcp_window_size.csv,26688.6325,7693.3003,10672.8983,32768,22095.1017,34.129,0.0015,00:00:00,1454,9648.6486
112,NETWORK IP TRAFFIC,issd_TCP_TCP_frame_length.csv,1184.1258,230.1659,316.8964,1515.2885,1198.3921,3.2678,0.0027,00:00:04,10000,2416.7676
113,NETWORK IP TRAFFIC,italk_TCP_TCP_frame_length.csv,74.1402,5.3684,64.9623,86.9418,21.9795,0.0827,0.0038,00:00:00,1011,10154.6392
114,NETWORK IP TRAFFIC,jstel_TCP_TCP_frame_length.csv,697.9176,117.9419,293.8177,1034.2699,740.4522,3.5061,0.0047,00:00:02,8550,3725.5245
115,NETWORK IP TRAFFIC,jstel_TCP_TCP_tcp_window_size.csv,27019.6242,7453.1322,5955.5853,32768,26812.4147,24.4983,0.0009,00:00:00,8550,11012.9199
116,NETWORK IP TRAFFIC,kerberos_TCP_TCP_frame_length.csv,199.2564,81.4679,88.2762,571.8922,483.616,1.8004,0.0037,00:00:01,4681,3911.7647
117,NETWORK IP TRAFFIC,kerberos_TCP_TCP_ip_ttl.csv,126.4869,1.505,116.5771,128,11.4229,0.0132,0.0012,00:00:00,4681,5265.8371
118,NETWORK IP TRAFFIC,kerberos_TCP_TCP_tcp_window_size.csv,2731.1022,923.7144,840.7784,10829.5201,9988.7417,24.1422,0.0024,00:00:01,4681,4608.9109
119,NETWORK IP TRAFFIC,kyoceranetdev_TCP_TCP_frame_length.csv,669.9906,121.17,318.288,928.0194,609.7314,4.5797,0.0075,00:00:00,2159,3722.5131
120,NETWORK IP TRAFFIC,kyoceranetdev_TCP_TCP_tcp_window_size.csv,27076.0624,7056.2957,8910.9763,32768,23857.0237,33.5316,0.0014,00:00:00,2159,8049.0566
121,NETWORK IP TRAFFIC,ldaps_TCP_TCP_frame_length.csv,1252.9826,196.8073,285.6328,1504.1658,1218.533,2.9999,0.0025,00:00:01,3584,3491.6585
122,NETWORK IP TRAFFIC,ldap_TCP_TCP_frame_length.csv,358.7102,131.4567,112.4268,950.0713,837.6444,3.0203,0.0036,00:00:02,10000,3615.0779
123,NETWORK IP TRAFFIC,ldap_TCP_TCP_ip_ttl.csv,117.4973,20.7547,66.1264,152.7084,86.582,0.2361,0.0027,00:00:03,10000,2922.3557
124,NETWORK IP TRAFFIC,ldap_TCP_TCP_tcp_window_size.csv,5918.2976,4028.4376,826.9109,24197.4098,23370.4989,71.7748,0.0031,00:00:03,10000,2897.7339
125,NETWORK IP TRAFFIC,m-image-lm_TCP_TCP_frame_length.csv,770.6193,152.4286,309.0355,1230.274,921.2385,3.6518,0.004,00:00:02,10000,3536.8794
126,NETWORK IP TRAFFIC,m-image-lm_TCP_TCP_tcp_window_size.csv,40769.2232,8478.6264,17152.4296,58559.9498,41407.5202,172.164,0.0042,00:00:03,10000,3241.469
127,NETWORK IP TRAFFIC,mapx_TCP_TCP_frame_length.csv,952.3849,620.2179,70.2983,1442,1371.7017,1.1263,0.0008,00:00:00,3894,4123.6674
128,NETWORK IP TRAFFIC,mapx_TCP_TCP_tcp_window_size.csv,8938.4779,11034.9352,229,24567.7708,24338.7708,18.71,0.0008,00:00:00,3894,6833.9223
129,NETWORK IP TRAFFIC,mecomm_TCP_TCP_frame_length.csv,1051.0588,142.2088,427.0281,1473.6925,1046.6644,4.3465,0.0042,00:00:01,3526,3475.6703
130,NETWORK IP TRAFFIC,mecomm_TCP_TCP_tcp_window_size.csv,17518.6757,3794.3686,11019.8117,31065.8121,20046.0004,42.7582,0.0021,00:00:00,3526,5460.2184
131,NETWORK IP TRAFFIC,microsoft-ds_TCP_TCP_frame_length.csv,892.1328,232.7965,261.9137,1513.788,1251.8743,4.3519,0.0035,00:00:03,10000,2778.273
132,NETWORK IP TRAFFIC,microsoft-ds_TCP_TCP_ip_ttl.csv,102.7714,13.0988,68.8179,127.4889,58.671,0.1878,0.0032,00:00:04,10000,2472.4839
133,NETWORK IP TRAFFIC,microsoft-ds_TCP_TCP_tcp_window_size.csv,2982.7745,2068.8942,500.9664,21089.279,20588.3126,28.3286,0.0014,00:00:04,10000,2459.073
134,NETWORK IP TRAFFIC,mongodb_TCP_TCP_frame_length.csv,600.5753,94.9951,224.0655,939.6272,715.5617,2.4403,0.0034,00:00:03,9096,2972.7958
135,NETWORK IP TRAFFIC,mongodb_TCP_TCP_tcp_window_size.csv,8989.951,2744.7674,2836.2242,17085.7836,14249.5594,48.4802,0.0034,00:00:02,9096,4413.6253
136,NETWORK IP TRAFFIC,ms-sql-s_TCP_TCP_frame_length.csv,1105.5103,188.8306,392.475,1439.408,1046.9329,3.4516,0.0033,00:00:02,10000,4049.5331
137,NETWORK IP TRAFFIC,ms-sql-s_TCP_TCP_tcp_window_size.csv,4275.8497,4005.0195,763.16,36409.5539,35646.3939,37.9585,0.0011,00:00:04,10000,2106.4414
138,NETWORK IP TRAFFIC,ms-wbt-server_TCP_TCP_frame_length.csv,313.5806,191.5987,92.2777,977.0107,884.733,2.9448,0.0033,00:00:00,2655,3046.3499
139,NETWORK IP TRAFFIC,ms-wbt-server_TCP_TCP_ip_ttl.csv,137.2491,17.1839,122.5457,214.0783,91.5326,0.1977,0.0022,00:00:00,2655,3482.1192
140,NETWORK IP TRAFFIC,ms-wbt-server_TCP_TCP_tcp_window_size.csv,44520.2341,15606.5248,253.0223,63364.6996,63111.6773,231.2967,0.0037,00:00:00,2655,3379.1774
141,NETWORK IP TRAFFIC,msft-gc_TCP_TCP_frame_length.csv,986.421,218.6362,142.7227,1388.8438,1246.1212,3.4979,0.0028,00:00:03,10000,2686.2375
142,NETWORK IP TRAFFIC,msft-gc_TCP_TCP_ip_ttl.csv,120.8645,7.622,78.2554,128.5508,50.2953,0.0764,0.0015,00:00:02,10000,4660.7477
143,NETWORK IP TRAFFIC,msft-gc_TCP_TCP_tcp_window_size.csv,9650.0015,5518.2256,812.3555,31704.6354,30892.2799,96.2616,0.0031,00:00:03,10000,3154.3327
144,NETWORK IP TRAFFIC,mysql_TCP_TCP_frame_length.csv,375.3319,186.084,118.2363,1166.8574,1048.6211,2.6871,0.0026,00:00:02,10000,3762.3538
145,NETWORK IP TRAFFIC,mysql_TCP_TCP_tcp_window_size.csv,688.174,189.8095,245.2477,2034.4838,1789.2362,4.2581,0.0024,00:00:02,10000,4589.9678
146,NETWORK IP TRAFFIC,netbios-ssn_TCP_TCP_frame_length.csv,743.5976,498.0873,87.4512,1522,1434.5488,2.7932,0.0019,00:00:00,4843,6891.2732
147,NETWORK IP TRAFFIC,netbios-ssn_TCP_TCP_tcp_window_size.csv,1455.7262,1011.3976,509.681,10948.6688,10438.9878,10.1199,0.001,00:00:01,4843,4020.8681
148,NETWORK IP TRAFFIC,netserialext_TCP_TCP_frame_length.csv,246.9403,228.0411,64.9806,700.6813,635.7008,0.8312,0.0013,00:00:00,3114,4795.0311
149,NETWORK IP TRAFFIC,netserialext_TCP_TCP_tcp_window_size.csv,49651.8852,14693.2846,26617.3003,65363.5655,38746.2651,88.0488,0.0023,00:00:00,3114,3122.3458
150,NETWORK IP TRAFFIC,netview-aix-_TCP_TCP_frame_length.csv,411.1041,93.0026,156.3348,823.4387,667.1039,2.5812,0.0039,00:00:03,10000,3305.933
151,NETWORK IP TRAFFIC,netview-aix-_TCP_TCP_tcp_window_size.csv,7829.9317,6747.3132,1346.2346,47304.9604,45958.7259,48.3327,0.0011,00:00:02,10000,3434.573
152,NETWORK IP TRAFFIC,newoak_TCP_TCP_frame_length.csv,835.5011,195.775,72.3971,1230.1502,1157.7531,4.1327,0.0036,00:00:00,3343,5998.1917
153,NETWORK IP TRAFFIC,newoak_TCP_TCP_tcp_window_size.csv,3671.211,2316.8678,2378.806,28858.2729,26479.4669,19.1605,0.0007,00:00:00,3343,3350.5051
154,NETWORK IP TRAFFIC,nfs_TCP_TCP_frame_length.csv,1030.4343,277.8955,240.657,1498.335,1257.678,4.1141,0.0033,00:00:02,10000,3574.9104
155,NETWORK IP TRAFFIC,nfs_TCP_TCP_tcp_window_size.csv,21818.2092,8341.1736,1924.2166,34490.7844,32566.5679,72.7978,0.0022,00:00:02,10000,3760.9351
156,NETWORK IP TRAFFIC,nimspooler_TCP_TCP_frame_length.csv,490.1464,238.9541,107.276,906.344,799.068,1.983,0.0025,00:00:00,4377,6180.3977
157,NETWORK IP TRAFFIC,nimspooler_TCP_TCP_ip_ttl.csv,79.1969,21.3249,59.5865,128,68.4135,0.1116,0.0016,00:00:00,4377,5486.7591
158,NETWORK IP TRAFFIC,nimspooler_TCP_TCP_tcp_window_size.csv,933.3263,600.6432,104.8888,3977.0569,3872.1681,8.5927,0.0022,00:00:00,4377,8897.7505
159,NETWORK IP TRAFFIC,nokia-ann-ch_TCP_TCP_tcp_window_size.csv,42355.9718,12268.2835,32476.7573,64834.9644,32358.2071,37.0465,0.0011,00:00:00,926,16666.6667
160,NETWORK IP TRAFFIC,optima-vnet_TCP_TCP_frame_length.csv,671.5623,126.6869,199.628,1028.9182,829.2902,4.2812,0.0052,00:00:00,3329,5804.9209
161,NETWORK IP TRAFFIC,optima-vnet_TCP_TCP_tcp_window_size.csv,27008.02,7223.6562,9345.0276,32768,23422.9724,38.3495,0.0016,00:00:00,3329,14115.3846
162,NETWORK IP TRAFFIC,oracle-sqlnet_TCP_TCP_frame_length.csv,508.2397,155.2382,209.8847,1054.9529,845.0682,2.8449,0.0034,00:00:02,10000,3640.146
163,NETWORK IP TRAFFIC,oracle-sqlnet_TCP_TCP_ip_ttl.csv,61.9214,1.2902,59.9266,68.3939,8.4673,0.0329,0.0039,00:00:03,10000,3052.0196
164,NETWORK IP TRAFFIC,oracle-sqlnet_TCP_TCP_tcp_window_size.csv,12152.2732,4074.7835,2420.6018,28422.2683,26001.6665,112.3781,0.0043,00:00:04,10000,2157.4735
165,NETWORK IP TRAFFIC,par-mgmt-ssl_TCP_TCP_frame_length.csv,1077.8248,405.837,74,1517.9792,1443.9792,2.7805,0.0019,00:00:05,8702,1568.8969
166,NETWORK IP TRAFFIC,par-mgmt-ssl_TCP_TCP_tcp_window_size.csv,3966.5291,3734.7149,144.3806,15398.5493,15254.1687,30.6872,0.002,00:00:03,8702,2180.9955
167,NETWORK IP TRAFFIC,pdap-np_TCP_TCP_frame_length.csv,675.1492,247.7779,117.5404,1318.2401,1200.6997,3.5769,0.003,00:00:03,10000,2966.6865
168,NETWORK IP TRAFFIC,pdap-np_TCP_TCP_ip_ttl.csv,62.0833,1.7147,59.422,72.808,13.386,0.0072,0.0005,00:00:01,10000,5170.5547
169,NETWORK IP TRAFFIC,pdap-np_TCP_TCP_tcp_window_size.csv,21164.5873,24125.1134,97.9132,61390.6287,61292.7155,59.6523,0.001,00:00:02,10000,3914.4427
170,NETWORK IP TRAFFIC,personal-agent_TCP_TCP_tcp_window_size.csv,16491.1392,4098.8309,12163.0256,30067.0059,17903.9803,41.7842,0.0023,00:00:02,10000,3591.6457
171,NETWORK IP TRAFFIC,pip_TCP_TCP_tcp_window_size.csv,55988.6502,12734.9063,32768,64946.9694,32178.9694,29.8038,0.0009,00:00:00,2544,8070.5128
172,NETWORK IP TRAFFIC,postgresql_TCP_TCP_frame_length.csv,192.8254,79.1298,101.9105,706.7535,604.843,1.7935,0.003,00:00:01,4519,4324.3503
173,NETWORK IP TRAFFIC,postgresql_TCP_TCP_ip_ttl.csv,135.4165,31.6028,63.7326,197.1911,133.4586,0.4679,0.0035,00:00:00,4519,5134.8571
174,NETWORK IP TRAFFIC,postgresql_TCP_TCP_tcp_window_size.csv,41705.0131,5441.0763,2814.1477,56931.5661,54117.4184,107.2674,0.002,00:00:01,4519,3667.7551
175,NETWORK IP TRAFFIC,pslicser_TCP_TCP_tcp_window_size.csv,55129.1856,13300.6355,31998.6366,64866.7327,32868.0961,40.8117,0.0012,00:00:00,2287,5541.6667
176,NETWORK IP TRAFFIC,qrh_TCP_TCP_frame_length.csv,1008.2048,567.0073,71.1019,1522,1450.8981,2.154,0.0015,00:00:00,3740,4045.7516
177,NETWORK IP TRAFFIC,qrh_TCP_TCP_tcp_window_size.csv,12178.5925,12695.2674,1538,40086.6866,38548.6866,42.1875,0.0011,00:00:00,3740,5559.8802
178,NETWORK IP TRAFFIC,rap-service_TCP_TCP_frame_length.csv,662.1414,224.9663,166.7292,1301.6336,1134.9044,3.4667,0.0031,00:00:03,10000,2900.2617
179,NETWORK IP TRAFFIC,rap-service_TCP_TCP_ip_ttl.csv,62.3383,2.9586,59.2634,79.0132,19.7498,0.0392,0.002,00:00:03,10000,2787.5908
180,NETWORK IP TRAFFIC,rap-service_TCP_TCP_tcp_window_size.csv,33215.4004,16004.7824,441.4982,62683.9144,62242.4162,165.9623,0.0027,00:00:03,10000,2802.4726
181,NETWORK IP TRAFFIC,rdrmshc_TCP_TCP_frame_length.csv,607.6302,102.2002,398.0647,897.7221,499.6574,4.4476,0.0089,00:00:00,1541,14708.7379
182,NETWORK IP TRAFFIC,rdrmshc_TCP_TCP_tcp_window_size.csv,26985.0586,7021.1837,11580.7653,32768,21187.2347,38.7972,0.0018,00:00:00,1541,18937.5
183,NETWORK IP TRAFFIC,rds_TCP_TCP_frame_length.csv,167.1447,31.2553,115.212,275.0495,159.8376,1.1775,0.0074,00:00:00,1162,9793.1034
184,NETWORK IP TRAFFIC,rds_TCP_TCP_tcp_window_size.csv,25449.2727,13728.4089,1613.0993,53344.5226,51731.4234,237.4819,0.0046,00:00:00,1162,11137.2549
185,SYNTHETIC,regimeChange.csv,0.0165,0.9469,-2.8,2.8,5.6,0.0887,0.0158,00:00:17,20000,1166.7738
186,NETWORK IP TRAFFIC,remotefs_TCP_TCP_frame_length.csv,947.234,231.1103,342.5491,1439.8933,1097.3442,3.6405,0.0033,00:00:03,10000,3171.3831
187,NETWORK IP TRAFFIC,remotefs_TCP_TCP_tcp_window_size.csv,10039.9636,2396.8889,226.085,14464.4295,14238.3446,34.1465,0.0024,00:00:02,10000,4121.4876
188,NETWORK IP TRAFFIC,ricardo-lm_TCP_TCP_frame_length.csv,450.8391,355.722,90.6195,1244.9961,1154.3766,3.2081,0.0028,00:00:01,6150,4157.5017
189,NETWORK IP TRAFFIC,ricardo-lm_TCP_TCP_tcp_window_size.csv,30084.5576,10671.1546,4110.5831,57468.0485,53357.4654,174.2122,0.0033,00:00:01,6150,3444.3195
190,NETWORK IP TRAFFIC,rsms_TCP_TCP_frame_length.csv,1111.9273,233.8472,427.7989,1469.8766,1042.0776,3.035,0.0029,00:00:02,10000,4044.6067
191,NETWORK IP TRAFFIC,rsms_TCP_TCP_tcp_window_size.csv,3799.9489,2002.1491,1052.7021,12463.9992,11411.2972,26.3233,0.0023,00:00:03,10000,2617.1609
192,NETWORK IP TRAFFIC,rtsp_TCP_TCP_frame_length.csv,790.3596,172.1893,162.2745,1237.2896,1075.0151,3.5621,0.0033,00:00:03,10000,2917.2273
193,NETWORK IP TRAFFIC,rtsp_TCP_TCP_tcp_window_size.csv,12831.2202,2166.3746,7480.5254,21059.4603,13578.9349,40.4404,0.003,00:00:04,10000,2270.9472
194,NETWORK IP TRAFFIC,rxmon_TCP_TCP_frame_length.csv,1078.2787,598.9142,68,1518,1450,1.6806,0.0012,00:00:00,2199,4211.2403
195,NETWORK IP TRAFFIC,rxmon_TCP_TCP_tcp_window_size.csv,55404.0713,13406.8428,32767.5621,64932.5164,32164.9543,28.2657,0.0009,00:00:00,2199,5112.9412
196,NETWORK IP TRAFFIC,shell_TCP_TCP_frame_length.csv,699.4547,134.258,227.4679,1212.5192,985.0512,3.0555,0.0031,00:00:04,10000,2411.5087
197,NETWORK IP TRAFFIC,shell_TCP_TCP_tcp_window_size.csv,23127.8613,10632.1045,158.8819,47246.848,47087.9661,144.3447,0.0031,00:00:03,10000,3250.9778
198,NETWORK RAN 5G CELL KPI,SID_06AE6B5B_5G_DL_Data_Volume.csv,229.1713,81.266,110.2946,349.7951,239.5005,1.0154,0.0042,00:00:00,918,9389.4737
199,NETWORK RAN 5G CELL KPI,SID_06AE6B5B_5g_dl_throughput.csv,137.3642,108.6063,16.3133,443.6194,427.3062,1.1368,0.0027,00:00:00,918,7371.9008
200,NETWORK RAN 5G CELL KPI,SID_06AE6B5B_5G_UL_Data_Volume.csv,3299.4307,2733.1223,122.413,11922.2479,11799.8349,22.3399,0.0019,00:00:00,918,7623.9316
201,NETWORK RAN 5G CELL KPI,SID_06AE6B5B_5g_ul_throughput.csv,231.8085,146.4715,40.1257,512.16,472.0343,2.0134,0.0043,00:00:00,918,13313.4328
202,NETWORK RAN 5G CELL KPI,SID_15D91BD6_5G_DL_Data_Volume.csv,137.677,37.2256,57.3272,226.1982,168.8709,0.8533,0.0051,00:00:00,918,9102.0408
203,NETWORK RAN 5G CELL KPI,SID_15D91BD6_5g_dl_throughput.csv,227.418,158.6267,22.5935,528.0457,505.4522,1.0119,0.002,00:00:00,918,6656.7164
204,NETWORK RAN 5G CELL KPI,SID_15D91BD6_5G_UL_Data_Volume.csv,5889.1902,5506.8927,258.6722,19287.544,19028.8718,50.9651,0.0027,00:00:00,918,4505.0505
205,NETWORK RAN 5G CELL KPI,SID_15D91BD6_5g_ul_throughput.csv,202.4246,150.0006,6.1031,581.1508,575.0477,1.5881,0.0028,00:00:00,918,9195.8763
206,NETWORK RAN 5G CELL KPI,SID_2B1C7DAB_5G_DL_Data_Volume.csv,137.5424,74.0697,16.5557,276.0326,259.4769,1.1195,0.0043,00:00:00,918,10022.4719
207,NETWORK RAN 5G CELL KPI,SID_2B1C7DAB_5g_dl_throughput.csv,59.7603,79.4866,3.4889,349.0649,345.576,0.8804,0.0025,00:00:00,918,5406.0606
208,NETWORK RAN 5G CELL KPI,SID_2B1C7DAB_5G_UL_Data_Volume.csv,201.3038,233.3684,11.5955,893.9055,882.31,2.635,0.003,00:00:00,918,7371.9008
209,NETWORK RAN 5G CELL KPI,SID_2B1C7DAB_5g_ul_throughput.csv,142.0136,97.6173,13.8722,357.7924,343.9202,1.774,0.0052,00:00:00,918,7495.7983
210,NETWORK RAN 5G CELL KPI,SID_2D6F82D4_5G_DL_Data_Volume.csv,195.6575,75.856,71.368,319.9904,248.6224,0.9808,0.0039,00:00:00,918,4874.3169
211,NETWORK RAN 5G CELL KPI,SID_2D6F82D4_5g_dl_throughput.csv,110.0012,87.016,6.8351,317.5206,310.6855,1.4421,0.0046,00:00:00,918,9911.1111
212,NETWORK RAN 5G CELL KPI,SID_2D6F82D4_5G_UL_Data_Volume.csv,2036.8553,2301.684,53.9739,9569.51,9515.536,14.1171,0.0015,00:00:00,918,7756.5217
213,NETWORK RAN 5G CELL KPI,SID_2D6F82D4_5g_ul_throughput.csv,207.4073,128.5135,20.3913,442.3357,421.9444,2.5898,0.0061,00:00:00,918,6463.7681
214,NETWORK RAN 5G CELL KPI,SID_3078AA8E_5G_DL_Data_Volume.csv,77.2268,24.2553,40.5109,157.7774,117.2665,0.5121,0.0044,00:00:00,918,5792.2078
215,NETWORK RAN 5G CELL KPI,SID_3078AA8E_5g_dl_throughput.csv,265.2293,209.8861,18.9785,764.9333,745.9548,1.3168,0.0018,00:00:00,918,7559.322
216,NETWORK RAN 5G CELL KPI,SID_3078AA8E_5G_UL_Data_Volume.csv,5096.107,4895.0063,45.5522,18548.8702,18503.318,26.0199,0.0014,00:00:00,918,7079.3651
217,NETWORK RAN 5G CELL KPI,SID_3078AA8E_5g_ul_throughput.csv,179.2179,97.7829,13.2912,381.3891,368.0979,1.75,0.0048,00:00:00,918,11893.3333
218,NETWORK RAN 5G CELL KPI,SID_3EE937A3_5G_DL_Data_Volume.csv,167.2334,73.1216,54.3899,309.8216,255.4317,1.1169,0.0044,00:00:00,918,5506.1728
219,NETWORK RAN 5G CELL KPI,SID_3EE937A3_5g_dl_throughput.csv,55.3838,55.9012,4.8165,291.9372,287.1207,0.8819,0.0031,00:00:00,918,6656.7164
220,NETWORK RAN 5G CELL KPI,SID_3EE937A3_5G_UL_Data_Volume.csv,324.9221,426.6792,9.8718,1495.2773,1485.4055,2.4754,0.0017,00:00:00,918,6151.7241
221,NETWORK RAN 5G CELL KPI,SID_3EE937A3_5g_ul_throughput.csv,200.4288,108.1483,19.7015,421.817,402.1156,2.9165,0.0073,00:00:00,918,9695.6522
222,NETWORK RAN 5G CELL KPI,SID_48537F05_5G_DL_Data_Volume.csv,184.5808,49.2142,94.2607,343.7317,249.471,0.9612,0.0039,00:00:00,918,10878.0488
223,NETWORK RAN 5G CELL KPI,SID_48537F05_5g_dl_throughput.csv,65.29,52.0704,9.4479,243.3786,233.9307,0.9784,0.0042,00:00:00,918,6326.2411
224,NETWORK RAN 5G CELL KPI,SID_48537F05_5G_UL_Data_Volume.csv,1473.8008,1702.6046,24.2446,7348.8945,7324.65,15.6001,0.0021,00:00:00,918,6809.1603
225,NETWORK RAN 5G CELL KPI,SID_48537F05_5g_ul_throughput.csv,197.3184,112.1279,38.0232,509.8402,471.817,2.1679,0.0046,00:00:00,918,4247.619
226,NETWORK RAN 5G CELL KPI,SID_52778E1A_5G_DL_Data_Volume.csv,166.1449,66.006,44.7872,288.5943,243.8071,1.0388,0.0043,00:00:00,918,5278.1065
227,NETWORK RAN 5G CELL KPI,SID_52778E1A_5g_dl_throughput.csv,104.9191,77.5278,17.7643,377.282,359.5177,0.9239,0.0026,00:00:00,918,4874.3169
228,NETWORK RAN 5G CELL KPI,SID_52778E1A_5G_UL_Data_Volume.csv,940.6777,1145.3568,89.9772,6608.531,6518.5539,9.9077,0.0015,00:00:00,918,6861.5385
229,NETWORK RAN 5G CELL KPI,SID_52778E1A_5g_ul_throughput.csv,123.7683,85.6508,14.7705,447.8724,433.1019,1.7828,0.0041,00:00:00,918,11435.8974
230,NETWORK RAN 5G CELL KPI,SID_84F6D4F1_5G_DL_Data_Volume.csv,119.3052,36.2647,43.1966,216.8256,173.6291,1.2015,0.0069,00:00:00,918,5830.0654
231,NETWORK RAN 5G CELL KPI,SID_84F6D4F1_5g_dl_throughput.csv,65.6224,63.9396,6.4286,306.9788,300.5502,1.0914,0.0036,00:00:00,918,10372.093
232,NETWORK RAN 5G CELL KPI,SID_84F6D4F1_5G_UL_Data_Volume.csv,435.1008,336.7541,3.2979,1047.4495,1044.1516,4.9447,0.0047,00:00:00,918,9489.3617
233,NETWORK RAN 5G CELL KPI,SID_84F6D4F1_5g_ul_throughput.csv,126.8088,87.6407,4.2304,396.269,392.0386,1.8286,0.0047,00:00:00,918,6914.7287
234,NETWORK RAN 5G CELL KPI,SID_8810462D_5G_DL_Data_Volume.csv,156.902,54.1606,69.1783,283.0432,213.865,0.9233,0.0043,00:00:00,918,7252.0325
235,NETWORK RAN 5G CELL KPI,SID_8810462D_5g_dl_throughput.csv,50.8854,26.8398,9.519,155.49,145.971,0.6583,0.0045,00:00:00,918,7824.5614
236,NETWORK RAN 5G CELL KPI,SID_8810462D_5G_UL_Data_Volume.csv,1690.1864,1549.4604,60.9711,7088.1712,7027.2001,26.5701,0.0038,00:00:00,918,11012.3457
237,NETWORK RAN 5G CELL KPI,SID_8810462D_5g_ul_throughput.csv,164.0699,97.0519,40.6551,420.4758,379.8207,2.7045,0.0071,00:00:00,918,7311.4754
238,NETWORK RAN 5G CELL KPI,SID_89BCB36F_5G_DL_Data_Volume.csv,216.8957,108.4451,62.4421,500.4263,437.9842,1.5365,0.0035,00:00:00,918,5792.2078
239,NETWORK RAN 5G CELL KPI,SID_89BCB36F_5g_dl_throughput.csv,64.9706,45.97,7.7417,202.0974,194.3558,1.4742,0.0076,00:00:00,918,6510.9489
240,NETWORK RAN 5G CELL KPI,SID_89BCB36F_5G_UL_Data_Volume.csv,589.6948,820.0485,26.2328,2997.9154,2971.6826,6.7702,0.0023,00:00:00,918,7824.5614
241,NETWORK RAN 5G CELL KPI,SID_89BCB36F_5g_ul_throughput.csv,150.5881,97.8651,19.2411,342.4143,323.1732,1.9879,0.0062,00:00:00,918,9591.3978
242,NETWORK RAN 5G CELL KPI,SID_AAA289D9_5G_DL_Data_Volume.csv,166.5078,60.9346,37.8472,314.8385,276.9913,1.272,0.0046,00:00:00,918,13937.5
243,NETWORK RAN 5G CELL KPI,SID_AAA289D9_5g_dl_throughput.csv,144.7164,91.9798,12.9126,346.6149,333.7023,1.2103,0.0036,00:00:00,918,3208.6331
244,NETWORK RAN 5G CELL KPI,SID_AAA289D9_5G_UL_Data_Volume.csv,2517.2293,2411.7413,25.4227,7302.4058,7276.9831,16.7866,0.0023,00:00:00,918,7964.2857
245,NETWORK RAN 5G CELL KPI,SID_AAA289D9_5g_ul_throughput.csv,193.0006,131.6877,10.5242,504.4592,493.935,2.2393,0.0045,00:00:00,918,8415.0943
246,NETWORK RAN 5G CELL KPI,SID_AFB57410_5G_DL_Data_Volume.csv,76654.1002,58497.602,878.7593,219616.5066,218737.7473,326.0218,0.0015,00:00:00,918,9695.6522
247,NETWORK RAN 5G CELL KPI,SID_AFB57410_5g_dl_throughput.csv,60.2468,11.2615,42.3548,109.7719,67.4171,0.2775,0.0041,00:00:00,918,15928.5714
248,NETWORK RAN 5G CELL KPI,SID_AFB57410_5G_UL_Data_Volume.csv,1616.0371,2501.7422,33.008,11962.7328,11929.7248,12.1633,0.001,00:00:00,918,9489.3617
249,NETWORK RAN 5G CELL KPI,SID_AFB57410_5g_ul_throughput.csv,291.3461,125.6179,35.2266,577.8132,542.5866,2.7697,0.0051,00:00:00,918,7964.2857
250,NETWORK RAN 5G CELL KPI,SID_B483EF2D_5G_DL_Data_Volume.csv,157.0748,78.7751,2.1836,293.9252,291.7415,1.333,0.0046,00:00:00,918,6151.7241
251,NETWORK RAN 5G CELL KPI,SID_B483EF2D_5g_dl_throughput.csv,80.7454,46.1126,7.3584,227.4956,220.1372,1.5046,0.0068,00:00:00,918,5156.0694
252,NETWORK RAN 5G CELL KPI,SID_B483EF2D_5G_UL_Data_Volume.csv,891.2124,785.4367,8.5894,3286.8615,3278.2721,7.4958,0.0023,00:00:00,918,8576.9231
253,NETWORK RAN 5G CELL KPI,SID_B483EF2D_5g_ul_throughput.csv,128.1247,68.3352,1.8801,267.7234,265.8433,1.9882,0.0075,00:00:00,918,7559.322
254,NETWORK RAN 5G CELL KPI,SID_BC2CB2AD_5G_DL_Data_Volume.csv,109.9358,35.0787,26.2764,190.1557,163.8793,0.9676,0.0059,00:00:00,918,5907.2848
255,NETWORK RAN 5G CELL KPI,SID_BC2CB2AD_5g_dl_throughput.csv,86.3565,56.0804,15.2764,278.7242,263.4479,1.1158,0.0042,00:00:00,918,5439.0244
256,NETWORK RAN 5G CELL KPI,SID_BC2CB2AD_5G_UL_Data_Volume.csv,969.9801,1034.7307,18.5111,3851.9149,3833.4037,8.2423,0.0022,00:00:00,918,5540.3727
257,NETWORK RAN 5G CELL KPI,SID_BC2CB2AD_5g_ul_throughput.csv,132.8905,114.6539,3.5525,466.5176,462.9652,1.5878,0.0034,00:00:00,918,9102.0408
258,NETWORK RAN 5G CELL KPI,SID_C85B6EEE_5G_DL_Data_Volume.csv,146.0594,53.0503,36.8427,267.9349,231.0922,0.7819,0.0034,00:00:00,918,8183.4862
259,NETWORK RAN 5G CELL KPI,SID_C85B6EEE_5g_dl_throughput.csv,111.1179,87.1764,8.1407,339.2682,331.1275,1.7087,0.0052,00:00:00,918,7559.322
260,NETWORK RAN 5G CELL KPI,SID_C85B6EEE_5G_UL_Data_Volume.csv,942.8126,1780.5318,17.7376,7881.5162,7863.7786,7.0466,0.0009,00:00:00,918,5540.3727
261,NETWORK RAN 5G CELL KPI,SID_C85B6EEE_5g_ul_throughput.csv,192.023,138.5864,5.8442,585.0839,579.2397,2.6318,0.0045,00:00:00,918,5247.0588
262,NETWORK RAN 5G CELL KPI,SID_DAC26403_5G_DL_Data_Volume.csv,141.1799,39.3231,81.3117,245.0356,163.7239,0.6356,0.0039,00:00:00,918,9389.4737
263,NETWORK RAN 5G CELL KPI,SID_DAC26403_5g_dl_throughput.csv,225.7934,134.2882,17.3656,576.699,559.3335,0.7036,0.0013,00:00:00,918,7311.4754
264,NETWORK RAN 5G CELL KPI,SID_DAC26403_5G_UL_Data_Volume.csv,5706.8899,3712.1261,375.2485,15511.7497,15136.5012,36.7675,0.0024,00:00:00,918,7824.5614
265,NETWORK RAN 5G CELL KPI,SID_DAC26403_5g_ul_throughput.csv,155.2741,119.9763,15.2309,470.0141,454.7832,1.6641,0.0037,00:00:00,918,7371.9008
266,NETWORK RAN 5G CELL KPI,SID_E16125B6_5G_DL_Data_Volume.csv,65.3124,26.846,14.9587,164.292,149.3333,0.2344,0.0016,00:00:00,918,4460
267,NETWORK RAN 5G CELL KPI,SID_E16125B6_5g_dl_throughput.csv,276.2647,278.615,2.6072,826.2642,823.657,1.6017,0.0019,00:00:00,918,8259.2593
268,NETWORK RAN 5G CELL KPI,SID_E16125B6_5G_UL_Data_Volume.csv,15947.038,7067.755,818.7324,30370.4864,29551.754,91.1549,0.0031,00:00:00,918,10372.093
269,NETWORK RAN 5G CELL KPI,SID_E16125B6_5g_ul_throughput.csv,133.9017,61.6191,17.2138,287.9292,270.7153,1.4088,0.0052,00:00:00,918,7252.0325
270,NETWORK RAN 5G CELL KPI,SID_E970C2A8_5G_DL_Data_Volume.csv,175.0691,55.5283,51.4813,357.8615,306.3802,1.4773,0.0048,00:00:00,918,9802.1978
271,NETWORK RAN 5G CELL KPI,SID_E970C2A8_5g_dl_throughput.csv,58.1608,47.0381,5.1081,217.2321,212.124,1.1708,0.0055,00:00:00,918,8415.0943
272,NETWORK RAN 5G CELL KPI,SID_E970C2A8_5G_UL_Data_Volume.csv,397.7361,358.3751,17.6783,1400.401,1382.7227,6.0096,0.0043,00:00:00,918,7311.4754
273,NETWORK RAN 5G CELL KPI,SID_E970C2A8_5g_ul_throughput.csv,145.605,86.2221,16.4069,350.8446,334.4377,2.0128,0.006,00:00:00,918,6706.7669
274,NETWORK RAN 5G CELL KPI,SID_F478558E_5G_DL_Data_Volume.csv,155.77,42.3173,92.3411,224.1285,131.7874,0.5712,0.0043,00:00:00,918,5986.5772
275,NETWORK RAN 5G CELL KPI,SID_F478558E_5g_dl_throughput.csv,123.6541,87.5249,16.5691,325.9846,309.4155,0.7818,0.0025,00:00:00,918,5156.0694
276,NETWORK RAN 5G CELL KPI,SID_F478558E_5G_UL_Data_Volume.csv,2002.098,2360.8367,75.889,8428.1097,8352.2206,15.3821,0.0018,00:00:00,918,5373.494
277,NETWORK RAN 5G CELL KPI,SID_F478558E_5g_ul_throughput.csv,175.264,130.1548,19.8717,427.1521,407.2805,2.0665,0.0051,00:00:00,918,5540.3727
278,NETWORK IP TRAFFIC,smtp_TCP_TCP_frame_length.csv,459.7081,285.8761,74,1070.7301,996.7301,2.6602,0.0027,00:00:02,10000,3766.6163
279,NETWORK IP TRAFFIC,smtp_TCP_TCP_ip_ttl.csv,112.3874,58.1482,56.9202,255,198.0798,0.1987,0.001,00:00:02,10000,3911.3725
280,NETWORK IP TRAFFIC,smtp_TCP_TCP_tcp_window_size.csv,1415.8489,1866.1128,57,26905.8836,26848.8836,19.0866,0.0007,00:00:02,10000,4345.9695
281,NETWORK IP TRAFFIC,socks_TCP_TCP_frame_length.csv,577.82,116.5952,246.8464,842.259,595.4126,4.9543,0.0083,00:00:00,1257,4752.8958
282,NETWORK IP TRAFFIC,socks_TCP_TCP_tcp_window_size.csv,26711.5409,7458.169,7891.7363,32768,24876.2637,58.457,0.0023,00:00:00,1257,7941.9355
283,NETWORK IP TRAFFIC,spearway_TCP_TCP_frame_length.csv,930.1584,411.853,68,1522,1454,3.4144,0.0023,00:00:00,1952,5926.1538
284,NETWORK IP TRAFFIC,spearway_TCP_TCP_tcp_window_size.csv,64315.3081,572.4847,63354.1761,65535,2180.8239,5.5684,0.0026,00:00:00,1952,3489.1304
285,NETWORK IP TRAFFIC,ssh_TCP_TCP_frame_length.csv,995.8913,166.7001,486.9762,1501.2985,1014.3222,3.908,0.0039,00:00:02,10000,4167.99
286,NETWORK IP TRAFFIC,ssh_TCP_TCP_ip_ttl.csv,67.196,5.914,59.5501,101.0695,41.5194,0.0988,0.0024,00:00:02,10000,3779.4619
287,NETWORK IP TRAFFIC,ssh_TCP_TCP_tcp_window_size.csv,7862.3931,4264.6986,105.805,27168.047,27062.242,105.3518,0.0039,00:00:02,10000,3607.2333
288,NETWORK IP TRAFFIC,stt_TCP_TCP_tcp_window_size.csv,32534.8275,46.3055,32275.2765,32996.6562,721.3797,0.767,0.0011,00:00:00,1340,8264.1509
289,NETWORK IP TRAFFIC,tacacs_TCP_TCP_frame_length.csv,77.0013,4.4181,68.0931,97.3707,29.2775,0.1264,0.0043,00:00:01,5822,3531.9927
290,NETWORK IP TRAFFIC,tacacs_TCP_TCP_ip_ttl.csv,100.2027,22.7493,62.0743,158.7071,96.6327,0.4062,0.0042,00:00:01,5822,4461.8938
291,NETWORK IP TRAFFIC,tacacs_TCP_TCP_tcp_window_size.csv,15788.9828,3489.4931,8440.4777,29996.2784,21555.8007,94.4917,0.0044,00:00:01,5822,4708.3672
292,NETWORK IP TRAFFIC,talarian-mcast_TCP_TCP_frame_length.csv,71.992,8.7724,66.7532,180.8395,114.0863,0.1376,0.0012,00:00:00,1188,10962.2642
293,NETWORK IP TRAFFIC,TCP_TCP_frame_length.csv,863.3445,177.018,392.5262,1434.2834,1041.7572,3.8942,0.0037,00:00:02,10000,3395.9823
294,NETWORK IP TRAFFIC,TCP_TCP_ip_ttl.csv,86.9325,19.281,62.977,160.201,97.224,0.2689,0.0028,00:00:02,10000,3446.4409
295,NETWORK IP TRAFFIC,TCP_TCP_tcp_window_size.csv,12920.4754,6047.3055,2763.9292,40134.0861,37370.1569,103.3136,0.0028,00:00:03,10000,3295.0116
296,NETWORK IP TRAFFIC,telnet_TCP_TCP_frame_length.csv,174.5654,126.8251,63.8308,485.4581,421.6274,0.5168,0.0012,00:00:02,10000,4089.3809
297,NETWORK IP TRAFFIC,telnet_TCP_TCP_ip_ttl.csv,145.4946,88.3596,63.8393,252.8849,189.0456,0.0998,0.0005,00:00:01,10000,5027.2177
298,NETWORK IP TRAFFIC,telnet_TCP_TCP_tcp_window_size.csv,31980.5237,18516.4686,3861.2826,63983.1017,60121.8192,130.7166,0.0022,00:00:03,10000,3280.9211
299,NETWORK IP TRAFFIC,teradataordbms_TCP_TCP_frame_length.csv,830.5708,660.3192,68,1522,1454,1.3422,0.0009,00:00:00,1718,12000
300,NETWORK IP TRAFFIC,teradataordbms_TCP_TCP_tcp_window_size.csv,4077.1091,9650.699,15,48799.3637,48784.3637,21.1862,0.0004,00:00:00,1718,19011.236
301,NETWORK IP TRAFFIC,tn-tl-r_TCP_TCP_frame_length.csv,253.8416,75.24,102.6089,521.4184,418.8095,1.6582,0.004,00:00:02,10000,3801.0671
302,NETWORK IP TRAFFIC,tn-tl-r_TCP_TCP_ip_ttl.csv,60.0737,1.1307,57.0175,64.374,7.3565,0.0096,0.0013,00:00:03,10000,2690.5854
303,NETWORK IP TRAFFIC,tn-tl-r_TCP_TCP_tcp_window_size.csv,27412.842,16941.6621,423.4192,63999.5815,63576.1623,148.8101,0.0023,00:00:04,10000,2336.926
304,NETWORK IP TRAFFIC,tnos-dps_TCP_TCP_frame_length.csv,448.7298,99.1127,171.0651,788.0304,616.9653,3.0207,0.0049,00:00:04,10000,2134.389
305,NETWORK IP TRAFFIC,tnos-dps_TCP_TCP_ip_ttl.csv,134.734,19.0359,71.2204,183.6722,112.4518,0.464,0.0041,00:00:04,10000,2279.7714
306,NETWORK IP TRAFFIC,tnos-dps_TCP_TCP_tcp_window_size.csv,24960.8619,6488.862,6191.6061,46170.2998,39978.6936,154.1489,0.0039,00:00:02,10000,3695.4428
307,NETWORK IP TRAFFIC,tnos-sp_TCP_TCP_frame_length.csv,776.6666,147.84,418.1539,1219.6601,801.5062,3.008,0.0038,00:00:02,10000,3326.8846
308,NETWORK IP TRAFFIC,tnos-sp_TCP_TCP_tcp_window_size.csv,2126.4062,796.7984,636.206,8823.0984,8186.8924,9.9142,0.0012,00:00:02,10000,3779.4619
309,NETWORK IP TRAFFIC,vatata_TCP_TCP_frame_length.csv,1051.8278,608.696,68,1518,1450,1.5298,0.0011,00:00:00,2334,5198.1982
310,NETWORK IP TRAFFIC,vatata_TCP_TCP_tcp_window_size.csv,54817.4491,13654.7075,32013.0758,64953.5282,32940.4524,29.2212,0.0009,00:00:00,2334,8272.4014
311,NETWORK IP TRAFFIC,vcom-tunnel_TCP_TCP_frame_length.csv,373.4576,142.1689,74.4857,822.0405,747.5548,3.1444,0.0042,00:00:00,1469,7675.5319
312,NETWORK IP TRAFFIC,vcom-tunnel_TCP_TCP_ip_ttl.csv,70.3321,22.0483,59.643,172.1593,112.5162,0.1377,0.0012,00:00:00,1469,7215
313,NETWORK IP TRAFFIC,vcom-tunnel_TCP_TCP_tcp_window_size.csv,4156.7654,3177.1472,112.3434,19790.1989,19677.8556,69.6822,0.0035,00:00:00,1469,4625
314,NETWORK IP TRAFFIC,veracity_TCP_TCP_frame_length.csv,744.6977,247.0302,413.8625,1518.6464,1104.7839,5.2099,0.0047,00:00:00,1729,4783.7079
315,NETWORK IP TRAFFIC,veracity_TCP_TCP_tcp_window_size.csv,31207.7339,13089.966,10514.9968,64757.8348,54242.838,63.9787,0.0012,00:00:00,1729,4590.2965
316,NETWORK IP TRAFFIC,vfo_TCP_TCP_frame_length.csv,557.8553,122.5576,293.9923,864.3975,570.4053,4.8485,0.0085,00:00:00,1108,11270.8333
317,NETWORK IP TRAFFIC,vfo_TCP_TCP_tcp_window_size.csv,26531.7497,6966.3942,11667.6936,32934.9162,21267.2226,52.5925,0.0025,00:00:00,1108,12729.4118
318,NETWORK IP TRAFFIC,vop_TCP_TCP_frame_length.csv,564.5817,170.3548,188.1371,1234.5817,1046.4445,4.9843,0.0048,00:00:00,1853,9770.0535
319,NETWORK IP TRAFFIC,vop_TCP_TCP_ip_ttl.csv,103.3948,22.1252,60,127.9321,67.9321,0.1728,0.0025,00:00:00,1853,13433.8235
320,NETWORK IP TRAFFIC,vop_TCP_TCP_tcp_window_size.csv,33322.8242,20463.7938,322.8491,63946.2795,63623.4304,199.0147,0.0031,00:00:00,1853,5673.913
321,NETWORK IP TRAFFIC,vvr-control_TCP_TCP_frame_length.csv,1114.7327,209.0347,702.3731,1518,815.6269,3.0267,0.0037,00:00:02,10000,3457.1924
322,NETWORK IP TRAFFIC,wap-wsp-s_TCP_TCP_frame_length.csv,185.4838,42.9441,85.9358,312.546,226.6101,1.9484,0.0086,00:00:00,2632,8379.4212
323,NETWORK IP TRAFFIC,wap-wsp-s_TCP_TCP_tcp_window_size.csv,8216.0839,3918.9772,1164.8903,26377.6342,25212.7438,101.0522,0.004,00:00:00,2632,7873.1118
324,NETWORK IP TRAFFIC,wfremotertm_TCP_TCP_frame_length.csv,627.3813,119.0192,282.9071,974.6892,691.7821,4.6298,0.0067,00:00:00,1795,5344.4109
325,NETWORK IP TRAFFIC,wfremotertm_TCP_TCP_tcp_window_size.csv,27508.858,6274.1424,12533.1114,43558.8639,31025.7525,38.637,0.0012,00:00:00,1795,10919.7531
326,NETWORK IP TRAFFIC,xfr_TCP_TCP_frame_length.csv,1150.1204,466.6087,88.3775,1503.5012,1415.1238,2.3221,0.0016,00:00:00,4507,5424.9395
327,NETWORK IP TRAFFIC,xfr_TCP_TCP_tcp_window_size.csv,19697.5396,9582.8101,3111.1326,32511.3123,29400.1797,2.0412,0.0001,00:00:00,4507,6080.0543
328,NETWORK IP TRAFFIC,x_TCP_TCP_frame_length.csv,194.3419,112.0057,76.5098,730.6324,654.1226,1.0246,0.0016,00:00:01,8167,4545.5053
329,NETWORK IP TRAFFIC,x_TCP_TCP_ip_ttl.csv,106.8288,72.3981,60,251,191,0.1068,0.0006,00:00:00,8167,21145.4545
330,NETWORK IP TRAFFIC,x_TCP_TCP_tcp_window_size.csv,40020.9136,20632.9126,614.5313,65358.9877,64744.4564,32.7455,0.0005,00:00:01,8167,4527.8087
331,NETWORK IP TRAFFIC,zabbix-agent_TCP_TCP_frame_length.csv,77.9511,2.287,72.0583,85.4809,13.4227,0.071,0.0053,00:00:03,10000,3044.5665
332,NETWORK IP TRAFFIC,zabbix-agent_TCP_TCP_tcp_window_size.csv,6917.1211,4375.6919,1197.4388,31424.3647,30226.9259,75.9666,0.0025,00:00:02,10000,3739.7825
333,NETWORK IP TRAFFIC,zabbix-trapper_TCP_TCP_frame_length.csv,283.3074,101.1692,78.469,765.1919,686.7229,2.5343,0.0037,00:00:02,9788,4057.3566
334,NETWORK IP TRAFFIC,zabbix-trapper_TCP_TCP_ip_ttl.csv,76.3194,18.565,59.7103,128,68.2897,0.1093,0.0016,00:00:02,9788,3626.3001
335,NETWORK IP TRAFFIC,zabbix-trapper_TCP_TCP_tcp_window_size.csv,4195.4599,2167.1287,841.6773,29471.6126,28629.9353,48.3082,0.0017,00:00:02,9788,3381.3647
