Actual, Expected, AE
64042.8735, NaN, NaN
63980.1948, NaN, NaN
63915.9663, NaN, NaN
63850.8279, NaN, NaN
63785.4841, NaN, NaN
63720.7908, NaN, NaN
63657.6876, NaN, NaN
63597.2399, NaN, NaN
63540.5462, NaN, NaN
63488.7933, NaN, NaN
63443.1493, NaN, NaN
63404.7894, NaN, NaN
63374.7873, NaN, NaN
63354.1300, NaN, NaN
63343.6123, NaN, NaN
63343.8217, NaN, NaN
63355.0812, NaN, NaN
63377.4535, NaN, NaN
63410.6794, NaN, NaN
63454.1926, NaN, NaN
63507.1358, NaN, NaN
63568.3828, NaN, NaN
63636.5721, NaN, NaN
63710.1997, NaN, NaN
63787.6457, NaN, NaN
63867.2458, NaN, NaN
63947.3831, 63820.2853, 127.0978
64026.5217, 63916.2889, 110.2328
64103.2656, 64105.6603, 2.3947
64176.4269, 64188.6506, 12.2237
64245.0335, 64256.6269, 11.5934
64308.3667, 64321.7073, 13.3406
64365.9237, 64378.6885, 12.7648
64417.4700, 64431.4865, 14.0165
64462.9459, 64476.1215, 13.1756
64502.5228, 64516.4729, 13.9501
64536.4917, 64555.8355, 19.3438
64565.2989, 64591.2014, 25.9025
64589.4765, 64619.1768, 29.7003
64609.5972, 64644.3718, 34.7746
64626.2778, 64629.7179, 3.4401
64640.1331, 64643.0576, 2.9245
64651.7341, 64654.6146, 2.8805
64661.6214, 64664.3085, 2.6871
64670.2825, 64672.6429, 2.3604
64678.1473, 64680.0485, 1.9012
64685.5479, 64686.9529, 1.4050
64692.7741, 64693.6112, 0.8371
64700.0097, 64700.2914, 0.2817
64707.3756, 64707.1496, 0.2260
64714.9120, 64714.2283, 0.6837
64722.6377, 64721.5435, 1.0942
64730.4897, 64729.0926, 1.3971
64738.3791, 64736.7602, 1.6189
64746.1637, 64744.4519, 1.7118
64753.7003, 64751.9975, 1.7028
64760.8362, 64759.2161, 1.6201
64767.6881, 64766.0026, 1.6855
64773.4580, 64772.5883, 0.8697
64778.4085, 64777.7109, 0.6976
64782.4268, 64782.1373, 0.2895
64785.4311, 64785.6089, 0.1778
64787.3935, 64788.0164, 0.6229
64788.2740, 64789.3764, 1.1024
64788.1159, 64789.6309, 1.5150
64787.0124, 64789.0304, 2.0180
64785.0357, 64788.3971, 3.3614
64782.3411, 64789.3809, 7.0398
64779.0862, 64785.9172, 6.8310
64775.4470, 64784.2007, 8.7537
64771.6152, 64782.2573, 10.6421
64767.8153, 64780.1785, 12.3632
64764.2530, 64778.0276, 13.7746
64761.1207, 64775.5131, 14.3924
64758.6207, 64771.9520, 13.3313
64756.9246, 64766.5689, 9.6443
64756.1690, 64755.2285, 0.9405
64756.4585, 64760.0117, 3.5532
64757.8831, 64760.8019, 2.9188
64760.0250, 64762.6246, 2.5996
64763.5252, 64762.1669, 1.3583
64768.0288, 64765.2932, 2.7356
64773.4145, 64768.0286, 5.3859
64779.4857, 64773.4158, 6.0699
64785.9886, 64785.5569, 0.4317
64792.6672, 64785.9881, 6.6791
64799.1966, 64785.1073, 14.0893
64805.2087, 64797.6647, 7.5440
64810.3076, 64810.0937, 0.2139
64814.1021, 64816.2064, 2.1043
64816.1361, 64819.5847, 3.4486
64815.9654, 64820.8386, 4.8732
64813.0952, 64819.8860, 6.7908
64807.0818, 64819.0184, 11.9366
64797.4343, 64817.7321, 20.2978
64783.7024, 64804.5868, 20.8844
64765.4236, 64801.7272, 36.3036
64742.1908, 64790.6703, 48.4795
64713.5953, 64773.5279, 59.9326
64679.3116, 64684.9998, 5.6882
64639.1070, 64683.7501, 44.6431
64592.8219, 64645.1161, 52.2942
64540.4270, 64546.5368, 6.1098
64482.0663, 64475.7456, 6.3207
64418.0257, 64409.6884, 8.3373
64348.8043, 64338.2876, 10.5167
64275.1142, 64263.6702, 11.4440
64197.8577, 64183.7040, 14.1537
64118.1925, 64101.0652, 17.1273
64037.4650, 64018.8821, 18.5829
63957.1832, 63935.1433, 22.0399
63878.9891, 63853.3538, 25.6353
63804.6137, 63777.3279, 27.2858
63735.8045, 63704.6732, 31.1313
63674.2542, 63639.4330, 34.8212
63621.5613, 63585.3066, 36.2547
63579.1181, 63539.5246, 39.5935
63548.0690, 63507.8699, 40.1991
63529.2506, 63488.9190, 40.3316
63523.1389, 63480.8766, 42.2623
63529.8426, 63488.4138, 41.4288
63549.1064, 63502.0873, 47.0191
63580.2739, 63521.3607, 58.9132
63622.3893, 63524.5019, 97.8874
63674.1717, 63529.5495, 144.6222
63734.1115, 63939.6831, 205.5716
63800.5437, 63959.6748, 159.1311
63871.7125, 64000.4240, 128.7115
63945.8159, 63996.3414, 50.5255
64021.1293, 64035.9845, 14.8552
64096.0501, 64191.6188, 95.5687
64169.1120, 64226.5831, 57.4711
64239.0686, 64140.0872, 98.9814
64304.9127, 64304.3014, 0.6113
64365.8663, 64362.0793, 3.7870
64421.4154, 64403.3703, 18.0451
64471.2801, 64451.7856, 19.4945
64515.3772, 64493.4660, 21.9112
64553.8217, 64528.1451, 25.6766
64586.8780, 64567.8016, 19.0764
64614.9340, 64590.6980, 24.2360
64638.4748, 64626.0595, 12.4153
64658.0212, 64648.9565, 9.0647
64674.1069, 64661.9741, 12.1328
64687.3028, 64676.0439, 11.2589
64698.1190, 64686.7282, 11.3908
64707.0282, 64696.6621, 10.3661
64714.4604, 64702.8626, 11.5978
64720.7777, 64709.8939, 10.8838
64726.2653, 64716.1002, 10.1651
64731.1723, 64721.5179, 9.6544
64735.6852, 64726.8516, 8.8336
64739.8999, 64731.9320, 7.9679
64743.8770, 64736.6581, 7.2189
64747.6608, 64741.3872, 6.2736
64751.2593, 64743.9151, 7.3442
64754.6302, 64748.0176, 6.6126
64757.7571, 64751.9786, 5.7785
64760.5870, 64755.6431, 4.9439
64763.0725, 64758.9078, 4.1647
64765.4581, 64761.7693, 3.6888
64767.0326, 64764.5600, 2.4726
64768.1721, 64766.1595, 2.0126
64768.8266, 64767.4352, 1.3914
64768.9949, 64768.1243, 0.8706
64768.6604, 64768.2593, 0.4011
64767.8048, 64768.1953, 0.3905
64766.4303, 64767.9201, 1.4898
64764.5735, 64767.3767, 2.8032
64762.2329, 64766.5813, 4.3484
64759.4585, 64765.5180, 6.0595
64756.2934, 64762.2103, 5.9169
64752.8035, 64761.3815, 8.5780
64749.0871, 64760.4327, 11.3456
64745.2032, 64754.2422, 9.0390
64741.2787, 64750.0393, 8.7606
64737.4086, 64746.6300, 9.2214
64733.7352, 64743.4688, 9.7336
64730.3840, 64733.2584, 2.8744
64727.4834, 64741.3572, 13.8738
64725.1413, 64721.3522, 3.7891
64723.4725, 64721.6615, 1.8110
64722.5589, 64720.7773, 1.7816
64722.4696, 64720.6105, 1.8591
64723.2278, 64721.2184, 2.0094
64724.8440, 64721.2444, 3.5996
64727.2917, 64722.0023, 5.2894
64730.4978, 64722.8120, 7.6858
64734.3760, 64728.7333, 5.6427
64738.7828, 64743.3807, 4.5979
64743.5784, 64743.6485, 0.0701
64748.5984, 64745.4117, 3.1867
64753.7008, 64749.1179, 4.5829
64758.7026, 64755.8104, 2.8922
64763.4768, 64759.5533, 3.9235
64767.8885, 64763.9897, 3.8988
64771.8527, 64772.0693, 0.2166
64775.2631, 64775.6266, 0.3635
64778.0987, 64778.4239, 0.3252
64780.3457, 64780.5236, 0.1779
64782.0221, 64781.8345, 0.1876
64783.1858, 64783.2713, 0.0855
64783.8746, 64784.0629, 0.1883
64784.1846, 64784.7417, 0.5571
64784.1938, 64784.7393, 0.5455
64783.9937, 64784.3739, 0.3802
64783.6577, 64784.2097, 0.5520
64783.2525, 64783.9678, 0.7153
64782.8361, 64781.2719, 1.5642
64782.4727, 64780.1260, 2.3467
64782.1610, 64778.8862, 3.2748
64781.9084, 64782.3516, 0.4432
64781.7191, 64782.2216, 0.5025
64781.5620, 64782.1397, 0.5777
64781.3981, 64782.0812, 0.6831
64781.2081, 64782.0159, 0.8078
64780.9515, 64781.9838, 1.0323
64780.5654, 64781.8638, 1.2984
64780.0495, 64781.7679, 1.7184
64779.3811, 64777.9789, 1.4023
64778.5260, 64778.6169, 0.0910
64777.4879, 64778.4440, 0.9561
64776.2757, 64776.4498, 0.1741
64774.8912, 64776.9950, 2.1037
64773.3723, 64774.0959, 0.7236
64771.7227, 64772.5294, 0.8067
64769.9919, 64770.3796, 0.3877
64768.2038, 64768.5122, 0.3084
64766.3966, 64766.6202, 0.2236
64764.1829, 64764.7353, 0.5524
64762.2633, 64762.2067, 0.0566
64760.3521, 64760.4710, 0.1189
64758.4507, 64758.5351, 0.0844
64756.5474, 64756.6800, 0.1326
64754.6313, 64754.8386, 0.2073
64752.6650, 64752.9968, 0.3318
64750.5595, 64751.1413, 0.5818
64748.2281, 64749.1269, 0.8988
64745.5557, 64746.7385, 1.1828
64742.3758, 64743.1595, 0.7837
64738.4840, 64739.6054, 1.1214
64733.6299, 64735.1743, 1.5444
64727.5243, 64729.5822, 2.0579
64719.3746, 64722.4878, 3.1132
64709.4385, 64712.7395, 3.3010
64696.9454, 64701.2312, 4.2858
64681.3774, 64686.5117, 5.1343
64662.1970, 64668.2416, 6.0446
64638.8062, 64649.9009, 11.0947
64610.6107, 64618.3654, 7.7547
64577.0764, 64585.4031, 8.3267
64537.6552, 64546.7330, 9.0778
64491.9030, 64501.2688, 9.3658
64439.4881, 64449.1131, 9.6250
64380.1852, 64389.8264, 9.6413
64313.9421, 64323.0394, 9.0973
64240.8829, 64249.5510, 8.6681
64161.3376, 64169.1746, 7.8370
64075.8003, 64081.8726, 6.0723
63984.9812, 63989.0786, 4.0974
63889.8034, 63891.1615, 1.3581
63791.3274, 63789.2020, 2.1254
63690.7048, 63685.6894, 5.0154
63589.2634, 63591.8781, 2.6147
63488.3087, 63484.9062, 3.4025
63389.2046, 63372.0733, 17.1313
63293.2747, 63266.7931, 26.4816
63201.7780, 63163.7243, 38.0537
63115.9029, 63064.2347, 51.6682
63036.6925, 62969.0189, 67.6736
62965.0788, 62878.6341, 86.4447
62901.8681, 62794.0356, 107.8325
62847.7440, 62784.1563, 63.5877
62803.2481, 62736.1078, 67.1403
62768.8704, 62698.7892, 70.0812
62744.9469, 62679.3780, 65.5689
62731.7763, 62666.6908, 65.0855
62729.5356, 62666.1180, 63.4176
62738.3752, 62682.7471, 55.6281
62758.3086, 62696.8284, 61.4802
62789.2478, 62712.5497, 76.6981
62830.9947, 63314.9493, 483.9546
62883.2159, 63065.1080, 181.8921
62945.4275, 63070.2184, 124.7909
63016.9649, 63187.2556, 170.2907
63096.9900, 63161.2552, 64.2652
63184.4885, 63210.9462, 26.4577
63278.2945, 63360.0500, 81.7555
63377.0987, 63375.7697, 1.3290
63479.4921, 63395.7720, 83.7201
63583.9714, 63470.7926, 113.1788
63689.0820, 63639.2538, 49.8282
63793.3375, 63708.4816, 84.8559
63895.3668, 63845.2095, 50.1573
63993.8919, 63941.5454, 52.3465
64087.7991, 64043.9200, 43.8791
64176.1719, 64134.0725, 42.0994
64258.2882, 64218.7816, 39.5066
64333.6660, 64315.7225, 17.9435
64401.9861, 64388.9380, 13.0481
64463.1580, 64424.2156, 38.9424
64517.2854, 64492.2332, 25.0522
64564.6145, 64542.5921, 22.0224
64605.5021, 64584.9248, 20.5773
64640.4394, 64612.7417, 27.6977
64669.9629, 64646.5294, 23.4335
64694.6677, 64669.9816, 24.6861
64715.1326, 64692.7401, 22.3925
64731.9620, 64711.1628, 20.7992
64745.7403, 64727.8229, 17.9174
64757.2550, 64738.9045, 18.3505
64766.3326, 64748.0940, 18.2386
64773.3698, 64755.6318, 17.7380
64779.3826, 64762.6098, 16.7728
64784.3502, 64770.0829, 14.2673
64788.4672, 64775.5348, 12.9324
64791.8695, 64778.6186, 13.2509
64794.6591, 64782.5752, 12.0839
64796.8525, 64786.2383, 10.6142
64798.3732, 64789.2514, 9.1218
64799.1460, 64791.4828, 7.6632
64799.0078, 64791.4464, 7.5614
64797.7549, 64792.0174, 5.7375
64795.1394, 64792.2475, 2.8919
64791.1390, 64791.9596, 0.8206
64784.7451, 64790.8992, 6.1541
64775.9703, 64788.7571, 12.7868
64764.4163, 64785.4585, 21.0422
64749.6034, 64780.6028, 30.9994
64731.1013, 64773.7777, 42.6764
64708.4453, 64734.0418, 25.5965
64681.1755, 64721.9440, 40.7685
64648.9175, 64675.2375, 26.3200
64611.3427, 64665.9534, 54.6107
64568.1831, 64576.0776, 7.8945
64519.3037, 64529.5416, 10.2379
64464.7274, 64479.0226, 14.2952
64404.6266, 64417.8091, 13.1825
64338.9620, 64352.8623, 13.9003
64268.9909, 64282.6592, 13.6683
64195.1969, 64208.3214, 13.1245
64118.6014, 64118.8342, 0.2328
64040.4109, 64040.2365, 0.1744
63962.0261, 63957.6858, 4.3403
63884.9481, 63880.0660, 4.8821
63810.8139, 63800.5668, 10.2471
63741.2092, 63722.1847, 19.0245
63677.7168, 63651.7408, 25.9760
63621.7920, 63584.2162, 37.5758
63574.6761, 63524.3315, 50.3446
63537.3400, 63494.8003, 42.5397
63510.4100, 63461.8445, 48.5655
63494.1254, 63440.1507, 53.9747
63488.3374, 63433.8474, 54.4900
63492.4602, 63439.3233, 53.1369
63505.5145, 63469.0924, 36.4221
63526.1607, 63467.5761, 58.5846
63552.7407, 63480.6238, 72.1169
63583.3823, 63689.3486, 105.9663
63616.0767, 63701.0259, 84.9492
63648.7787, 63729.7762, 80.9975
63679.5205, 63757.0209, 77.5004
63706.0854, 63789.3321, 83.2467
63727.5801, 63838.8510, 111.2709
63742.5117, 63877.5424, 135.0307
63750.1027, 63920.4311, 170.3284
63749.9688, 63808.7260, 58.7572
63742.2205, 63813.9234, 71.7029
63727.3951, 63758.2247, 30.8296
63706.4240, 63712.5697, 6.1457
63680.5587, 63703.7111, 23.1524
63651.3458, 63693.7746, 42.4288
63620.4476, 63688.8626, 68.4150
63589.6146, 63681.4811, 91.8664
63560.5175, 63647.8007, 87.2833
63534.7027, 63612.0156, 77.3129
63513.4302, 63507.5626, 5.8675
63497.6224, 63553.0754, 55.4530
63487.8351, 63516.0481, 28.2130
63484.1967, 63490.5281, 6.3314
63486.4195, 63514.3504, 27.9309
63493.8077, 63491.7858, 2.0219
63505.2998, 63493.7959, 11.5039
63519.5866, 63530.7795, 11.1929
63535.1378, 63553.3766, 18.2388
63550.3761, 63509.3830, 40.9931
63563.7135, 63566.7455, 3.0320
63573.7152, 63572.6723, 1.0429
63579.1697, 63592.3460, 13.1763
63579.1941, 63612.9260, 33.7319
63573.2792, 63617.2065, 43.9273
63561.3638, 63606.8475, 45.4837
63543.7936, 63605.2930, 61.4994
63521.6880, 63570.7908, 49.1028
63495.5592, 63535.3221, 39.7629
63467.3677, 63469.4304, 2.0627
63438.8733, 63478.9752, 40.1019
63411.9839, 63447.2148, 35.2309
63388.6683, 63385.0945, 3.5738
63370.8450, 63363.6523, 7.1927
63360.2708, 63351.3644, 8.9064
63358.4390, 63349.1495, 9.2895
63366.5247, 63366.6597, 0.1350
63385.3151, 63367.2005, 18.1146
63415.1928, 63375.3270, 39.8658
63456.1310, 63371.5822, 84.5488
63507.6720, 63386.8414, 120.8306
63569.0035, 63460.6645, 108.3390
63638.9661, 63521.5826, 117.3835
63716.1886, 63605.5704, 110.6182
63799.0826, 63771.6671, 27.4155
63885.9747, 63851.7245, 34.2502
63975.1379, 63972.8668, 2.2711
64064.8830, 64079.3600, 14.4770
64153.6445, 64170.6816, 17.0371
64239.9860, 64207.8974, 32.0886
64322.6748, 64300.9310, 21.7438
64400.6646, 64382.2433, 18.4213
64472.7178, 64457.2624, 15.4554
64539.1804, 64527.3260, 11.8544
64598.2547, 64581.4899, 16.7648
64650.8138, 64647.2264, 3.5874
64696.4521, 64697.0716, 0.6195
64735.2381, 64739.4361, 4.1980
64767.3037, 64756.9925, 10.3112
64792.8337, 64779.1029, 13.7308
64812.0684, 64800.1133, 11.9551
64825.2429, 64819.7214, 5.5215
64832.5480, 64827.2484, 5.2996
64834.0952, 64830.0381, 4.0571
64829.9521, 64828.4932, 1.4589
64820.0779, 64823.5124, 3.4345
64804.3231, 64822.0655, 17.7424
64782.4151, 64820.5043, 38.0892
64753.9614, 64797.2925, 43.3311
64718.4819, 64794.1865, 75.7046
64675.3695, 64791.6394, 116.2699
64623.9945, 64683.8652, 59.8707
64563.6780, 64648.7259, 85.0479
64493.7614, 64675.2487, 181.4873
64413.6548, 64381.3332, 32.3216
64322.9382, 64376.4039, 53.4657
64221.3461, 64308.3222, 86.9761
64109.1940, 64238.1085, 128.9145
63986.1368, 64138.2995, 152.1627
63853.3221, 63940.5009, 87.1788
63711.8451, 63710.5490, 1.2961
63563.3253, 63566.7755, 3.4502
63409.7457, 63419.2047, 9.4590
63253.5422, 63258.6446, 5.1024
63097.5352, 63098.4966, 0.9614
62944.8365, 62949.4906, 4.6541
62798.7468, 62798.0078, 0.7390
62662.6368, 62646.5438, 16.0930
62539.8583, 62511.6137, 28.2446
62433.5368, 62392.5216, 41.0152
62346.4736, 62291.2243, 55.2493
62281.0534, 62207.2691, 73.7843
62239.0583, 62170.0796, 68.9787
62221.6435, 62142.6342, 79.0093
62229.2381, 62143.9291, 85.3090
62261.5495, 62159.5068, 102.0427
62317.5935, 62179.0419, 138.5516
62395.7370, 62216.3901, 179.3469
62493.7490, 62599.1686, 105.4196
62608.9469, 62630.5475, 21.6006
62738.2667, 62679.4309, 58.8358
62878.4689, 62879.9092, 1.4403
63026.2321, 62978.2960, 47.9361
63178.2891, 63163.9837, 14.3054
63331.5256, 63319.4234, 12.1022
63483.0982, 63390.5856, 92.5126
63630.5406, 63480.0863, 150.4543
63771.7566, 63324.8597, 446.8969
63905.0665, 63962.1962, 57.1297
64029.2389, 64077.5849, 48.3460
64143.4526, 64104.6848, 38.7678
64247.2770, 64223.3493, 23.9277
64340.6160, 64321.6131, 19.0029
64423.6480, 64407.9915, 15.6565
64496.8018, 64496.4909, 0.3109
64560.6741, 64563.1356, 2.4615
64615.9675, 64586.0589, 29.9086
64663.4693, 64627.0063, 36.4630
64704.0165, 64672.3428, 31.6737
64738.3818, 64707.2282, 31.1536
64767.3791, 64737.1476, 30.2315
64791.7412, 64763.1941, 28.5471
64812.1270, 64783.2157, 28.9113
64829.1324, 64798.4148, 30.7176
64843.2927, 64812.9335, 30.3592
64855.0493, 64824.8764, 30.1729
64864.7998, 64836.0394, 28.7604
64872.8542, 64845.2868, 27.5674
64879.4860, 64853.1195, 26.3665
64884.9028, 64860.3745, 24.5283
64889.2774, 64866.3778, 22.8996
64892.7133, 64873.5008, 19.2125
64895.3292, 64878.4540, 16.8752
64897.4769, 64882.2936, 15.1833
64898.5392, 64883.7709, 14.7683
64899.2637, 64885.7603, 13.5034
64898.9774, 64887.9677, 11.0097
64898.1391, 64888.6921, 9.4470
64896.7652, 64888.6970, 8.0682
64894.8649, 64887.7768, 7.0881
64892.5056, 64889.3837, 3.1219
64889.7103, 64887.4770, 2.2333
64886.5621, 64884.5546, 2.0075
64883.1059, 64880.2387, 2.8672
64879.4714, 64874.4795, 4.9919
64875.3077, 64878.2922, 2.9845
64871.3825, 64885.0589, 13.6764
64867.4772, 64862.1798, 5.2973
64863.6467, 64865.5175, 1.8707
64859.9368, 64859.8570, 0.0798
64856.3701, 64851.8815, 4.4886
64852.9388, 64857.2524, 4.3136
64849.5889, 64858.6453, 9.0564
64846.1816, 64845.7588, 0.4228
64842.5817, 64843.5366, 0.9549
64838.5669, 64838.5560, 0.0109
64833.8551, 64834.3442, 0.4891
64828.1179, 64829.1843, 1.0664
64820.9617, 64822.2674, 1.3057
64811.9531, 64813.8115, 1.8584
64800.5748, 64803.9011, 3.3263
64786.3284, 64790.6293, 4.3009
64768.6331, 64773.2948, 4.6617
64746.9525, 64751.6222, 4.6697
64720.7373, 64725.9804, 5.2431
64689.4790, 64695.0270, 5.5480
64652.7447, 64658.2759, 5.5312
64610.1970, 64615.5477, 5.3507
64561.6270, 64566.2915, 4.6645
64506.9618, 64515.1137, 8.1519
64446.3542, 64453.9145, 7.5603
64380.1360, 64387.7339, 7.5979
64308.8827, 64314.7893, 5.9066
64233.4144, 64239.2604, 5.8460
64154.7648, 64157.9034, 3.1386
64074.2347, 64073.9022, 0.3325
63993.3195, 63988.7678, 4.5517
63913.6540, 63914.1967, 0.5427
63836.5651, 63834.4475, 2.1176
63764.5218, 63756.2079, 8.3139
63698.9920, 63688.3422, 10.6498
63641.6486, 63626.7238, 14.9248
63593.9868, 63574.7486, 19.2382
63557.2304, 63536.6695, 20.5609
63532.3121, 63505.2231, 27.0890
63519.7818, 63488.3429, 31.4389
63519.8163, 63484.5889, 35.2274
63532.1219, 63490.3091, 41.8128
63556.0314, 63504.5493, 51.4821
63590.4576, 63522.0510, 68.4066
63633.9519, 63689.3546, 55.4027
63684.7359, 63756.8729, 72.1370
63740.8060, 63797.0437, 56.2377
63799.9877, 63846.0926, 46.1049
63860.0085, 63849.4065, 10.6020
63918.1491, 63894.4977, 23.6514
63972.8687, 64000.2532, 27.3845
64021.7926, 64038.8248, 17.0322
64063.0543, 64084.2170, 21.1627
64095.0551, 64100.1789, 5.1238
64116.5079, 64073.9956, 42.5123
64126.4442, 64122.6744, 3.7698
64124.3031, 64170.3083, 46.0052
64109.8938, 64091.1090, 18.7848
64083.3928, 64040.2002, 43.1926
64045.3392, 64136.7425, 91.4033
63996.6308, 64128.6389, 132.0081
63938.4465, 64121.1165, 182.6700
63872.2475, 64024.7369, 152.4894
63799.6640, 63984.0720, 184.4080
63722.4845, 63939.6202, 217.1357
63642.5975, 63662.8882, 20.2907
63561.8853, 63574.1839, 12.2986
63482.1194, 63586.0292, 103.9098
63405.0050, 63454.9216, 49.9166
63332.0230, 63318.2223, 13.8007
63264.4597, 63287.7519, 23.2922
63203.3408, 63211.6082, 8.2674
63149.3690, 63140.7524, 8.6166
63103.0188, 63078.0817, 24.9371
63064.5390, 63028.2605, 36.2785
63033.9013, 62999.0979, 34.8034
63010.9720, 62967.1486, 43.8234
62995.4416, 62984.0905, 11.3511
62986.9961, 62974.8768, 12.1193
62985.2792, 62980.8214, 4.4578
62990.2685, 62995.5832, 5.3147
63001.0793, 63018.7473, 17.6680
63017.9967, 63166.0257, 148.0290
63040.9942, 63143.4490, 102.4548
63070.1331, 63163.7344, 93.6013
63105.5281, 63191.0935, 85.5654
63147.3259, 63217.0133, 69.6874
63195.6519, 63249.5614, 53.9095
63250.5968, 63234.8951, 15.7017
63312.0829, 63278.6258, 33.4571
63379.9101, 63291.6068, 88.3033
63453.6820, 63426.4067, 27.2753
63532.8195, 63446.7670, 86.0525
63616.5305, 63538.1091, 78.4214
63703.8884, 63663.1536, 40.7348
63793.7867, 63763.1120, 30.6747
63885.0180, 63851.2124, 33.8056
63976.3594, 63932.8916, 43.4678
64066.5540, 64030.5146, 36.0394
64154.4540, 64120.4234, 34.0306
64238.9653, 64207.1961, 31.7692
64319.1760, 64304.7768, 14.3992
64394.3486, 64374.1085, 20.2401
64463.9386, 64447.1967, 16.7419
64527.6185, 64514.4371, 13.1814
64585.2423, 64579.2196, 6.0227
64636.8588, 64605.1384, 31.7204
64682.6711, 64653.8226, 28.8485
64723.0019, 64695.7767, 27.2252
64758.2765, 64730.0718, 28.2047
64788.9669, 64761.5044, 27.4625
64815.5617, 64791.2520, 24.3097
64838.5584, 64813.7214, 24.8370
64858.7143, 64833.5163, 25.1980
64875.7512, 64851.9999, 23.7513
64890.4547, 64864.6766, 25.7781
64903.0916, 64876.2413, 26.8503
64913.8551, 64888.2404, 25.6147
64922.8884, 64897.9423, 24.9461
64930.2949, 64908.1815, 22.1134
64936.1194, 64915.9832, 20.1362
64940.3727, 64922.1416, 18.2311
64943.0767, 64927.4455, 15.6312
64944.2241, 64931.0260, 13.1981
64943.8217, 64933.0788, 10.7429
64941.8882, 64933.6566, 8.2316
64938.5083, 64934.3927, 4.1156
64933.7570, 64935.0955, 1.3385
64927.7346, 64935.6629, 7.9283
64920.6036, 64929.1433, 8.5397
64912.8194, 64926.5093, 13.6899
64903.9015, 64923.5344, 19.6329
64894.4966, 64903.7820, 9.2854
64884.7883, 64916.5245, 31.7362
64874.9894, 64866.4912, 8.4982
64865.3332, 64865.7130, 0.3799
64856.0048, 64858.4583, 2.4534
64847.1940, 64835.5902, 11.6038
64839.0626, 64837.2523, 1.8103
64831.7523, 64832.9842, 1.2319
64825.3928, 64824.4630, 0.9298
64820.0695, 64818.3497, 1.7198
64815.8597, 64813.4508, 2.4089
64812.7941, 64810.7119, 2.0822
64810.8877, 64808.6014, 2.2863
64810.1327, 64807.5515, 2.5812
64810.4680, 64807.3797, 3.0883
64811.8379, 64808.2766, 3.5613
64814.1668, 64813.0643, 1.1025
64817.3092, 64825.8966, 8.5874
64821.1598, 64828.6678, 7.5080
64825.5355, 64830.9122, 5.3767
64830.2707, 64834.0692, 3.7985
64835.2032, 64836.5654, 1.3622
64840.1254, 64839.4138, 0.7116
64844.8468, 64842.4857, 2.3611
64849.1973, 64848.3152, 0.8821
64852.9942, 64859.5826, 6.5884
64856.1297, 64865.2965, 9.1668
64858.4785, 64867.3694, 8.8909
64859.9593, 64866.1068, 6.1475
64860.5516, 64860.1841, 0.3675
64860.2581, 64861.1041, 0.8460
64859.1440, 64860.7181, 1.5741
64857.3065, 64859.4406, 2.1341
64854.8469, 64857.7382, 2.8913
64851.9400, 64854.7081, 2.7681
64848.7657, 64852.0212, 3.2555
64845.4964, 64848.9634, 3.4670
64842.3259, 64845.4218, 3.0959
64839.4237, 64841.7852, 2.3615
64836.9523, 64841.2551, 4.3028
64835.0507, 64819.6136, 15.4371
64833.8111, 64825.6111, 8.2000
64833.2976, 64828.3349, 4.9627
64833.5088, 64829.6591, 3.8497
64834.4497, 64834.4091, 0.0406
64836.0503, 64835.3906, 0.6597
64838.2156, 64838.5004, 0.2848
64840.4086, 64838.2169, 2.1917
64843.1166, 64836.3010, 6.8156
64845.9153, 64837.3588, 8.5565
64848.6101, 64841.0900, 7.5201
64850.9939, 64842.5333, 8.4606
64852.8860, 64849.8151, 3.0709
64854.0772, 64853.0814, 0.9958
64854.3817, 64853.9875, 0.3942
64853.1595, 64853.5705, 0.4110
64850.8458, 64858.8284, 7.9826
64846.9286, 64850.9759, 4.0473
64841.1378, 64849.3720, 8.2342
64833.1787, 64846.1978, 13.0191
64822.7091, 64825.2196, 2.5105
64809.3429, 64823.2496, 13.9067
64792.6277, 64814.8169, 22.1892
64772.0846, 64800.1527, 28.0681
64747.1668, 64763.5454, 16.3786
64717.2807, 64722.1031, 4.8224
64681.7993, 64682.7823, 0.9830
64640.0836, 64638.8687, 1.2149
64591.4867, 64613.0794, 21.5927
64535.4278, 64548.8847, 13.4569
64471.3671, 64485.6995, 14.3324
64398.8836, 64414.1136, 15.2300
64317.7093, 64333.3442, 15.6349
64227.7668, 64244.6887, 16.9219
64129.2077, 64146.1447, 16.9370
64021.9991, 64038.6998, 16.7007
63907.0547, 63931.2402, 24.1855
63785.7195, 63809.7098, 23.9903
63658.9251, 63681.9989, 23.0738
63528.1772, 63550.1876, 22.0104
63395.2284, 63408.6585, 13.4301
63262.0358, 63272.0947, 10.0589
63130.7168, 63136.0432, 5.3264
63003.4527, 63013.2589, 9.8062
62882.4001, 62892.5780, 10.1779
62769.6699, 62777.6576, 7.9877
62667.1247, 62667.2074, 0.0827
62576.3940, 62567.1646, 9.2294
62498.7441, 62487.0566, 11.6875
62434.9935, 62422.7214, 12.2721
62385.4868, 62373.6382, 11.8486
62350.0369, 62337.9528, 12.0841
62327.9392, 62319.5504, 8.3888
62317.9538, 62314.8797, 3.0741
62317.9444, 62338.4559, 20.5115
62326.4432, 62318.4733, 7.9699
62340.6943, 62546.9115, 206.2172
62358.0320, 62519.9124, 161.8804
62375.7044, 62556.9272, 181.2228
62391.0157, 62564.5094, 173.4937
62401.4963, 62600.7244, 199.2281
62404.9926, 62634.4945, 229.5019
62399.8360, 62617.5747, 217.7387
62384.9137, 62523.9397, 139.0260
62359.7561, 62511.3000, 151.5439
62324.5397, 62489.2274, 164.6877
62280.1460, 62494.8533, 214.7073
62228.0382, 62394.1569, 166.1187
62169.8221, 62276.5568, 106.7347
62108.5872, 62140.3843, 31.7971
62046.7643, 62068.0628, 21.2985
61986.7384, 61932.9282, 53.8102
61931.9155, 61886.7087, 45.2068
61884.5424, 61831.4149, 53.1275
61846.7566, 61792.2311, 54.5255
61820.1895, 61796.5557, 23.6338
61805.8931, 61776.8885, 29.0046
61804.2690, 61765.0477, 39.2213
61814.5966, 61770.2182, 44.3784
61836.6436, 61777.6119, 59.0317
61868.6292, 61787.4012, 81.2280
61908.5925, 61796.1330, 112.4595
61954.2193, 61857.0543, 97.1650
62002.9681, 61961.4101, 41.5580
62052.1908, 61970.8316, 81.3592
62099.2950, 61990.3115, 108.9835
62141.8208, 62013.8413, 127.9795
62177.5442, 62166.8032, 10.7410
62204.8488, 62184.3645, 20.4843
62221.4981, 62234.6900, 13.1919
62226.7002, 62268.9652, 42.2650
62219.6469, 62268.9258, 49.2789
62199.8930, 62214.3101, 14.4171
62167.3324, 62211.5507, 44.2183
62122.2082, 62224.3037, 102.0955
62065.0718, 62214.1754, 149.1036
61997.0424, 61940.5707, 56.4716
61918.6008, 62115.8996, 197.2988
61831.5412, 62036.3894, 204.8482
61737.5526, 61933.9675, 196.4150
61638.5706, 61773.6263, 135.0557
61536.7967, 61601.7108, 64.9141
61434.6768, 61486.2689, 51.5921
61334.8318, 61328.0343, 6.7975
61240.0566, 61188.4625, 51.5941
61153.2162, 61280.2085, 126.9923
61077.1868, 61114.0163, 36.8295
61014.7760, 61095.7412, 80.9652
60968.5802, 61044.9455, 76.3653
60940.9271, 60904.8934, 36.0337
60933.7411, 60885.7033, 48.0378
60948.5123, 60900.4969, 48.0154
60986.1561, 60912.9948, 73.1613
61047.0132, 60927.6529, 119.3603
61130.8067, 60948.2997, 182.5070
61236.6743, 61108.3019, 128.3724
61363.4211, 61286.2897, 77.1314
61508.7158, 61375.8074, 132.9084
61669.8594, 61474.5457, 195.3137
61844.4889, 61645.7538, 198.7351
62029.5541, 61782.0787, 247.4754
62221.9004, 61937.8336, 284.0668
62418.3091, 62414.2467, 4.0624
62615.6764, 62644.7057, 29.0293
62811.0649, 62775.6570, 35.4079
63001.8142, 62972.3329, 29.4813
63185.5484, 63149.6903, 35.8581
63360.3451, 63318.5924, 41.7527
63524.6282, 63485.9344, 38.6938
63677.2269, 63643.6791, 33.5478
63817.4212, 63787.9842, 29.4370
63944.8491, 63925.0771, 19.7720
64059.4983, 64044.6688, 14.8295
64161.6876, 64152.1397, 9.5479
64251.9580, 64174.9032, 77.0548
64331.3577, 64241.0199, 90.3378
64399.7080, 64319.6499, 80.0581
64459.0910, 64381.1735, 77.9175
64510.2514, 64431.2580, 78.9934
64554.2192, 64470.7180, 83.5012
64592.0068, 64512.0797, 79.9271
64624.5275, 64546.8127, 77.7148
64652.6117, 64572.4661, 80.1456
64676.9500, 64600.1187, 76.8313
64698.1498, 64623.5298, 74.6200
64716.6083, 64640.7798, 75.8285
64732.6473, 64664.4465, 68.2008
64746.3691, 64682.0550, 64.3141
64757.7760, 64697.8325, 59.9435
64766.9938, 64711.0319, 55.9619
64773.0985, 64722.8576, 50.2409
64776.1158, 64733.1551, 42.9607
64775.8541, 64738.0067, 37.8474
64771.1082, 64743.7131, 27.3951
64761.7294, 64748.9435, 12.7859
64746.7157, 64741.8302, 4.8855
64726.1657, 64739.5562, 13.3905
64698.8603, 64736.3000, 37.4397
64665.0498, 64731.2740, 66.2242
64624.4671, 64708.6460, 84.1789
64576.2906, 64695.9608, 119.6702
64520.9786, 64502.2160, 18.7626
64458.7846, 64485.9616, 27.1770
64390.1480, 64445.0832, 54.9352
64315.7251, 64328.1276, 12.4025
64236.3882, 64208.8215, 27.5667
64153.1027, 64132.8516, 20.2511
64067.0319, 64121.3268, 54.2949
63979.3501, 64007.3882, 28.0381
63891.2485, 63917.9467, 26.6982
63803.4336, 63833.1846, 29.7510
63717.5542, 63718.6390, 1.0848
63634.0863, 63638.5092, 4.4229
63553.5310, 63559.2520, 5.7210
63476.1182, 63484.5957, 8.4775
63401.7180, 63428.7913, 27.0733
63329.8885, 63363.1634, 33.2749
63259.9171, 63293.0096, 33.0925
63190.7878, 63230.4049, 39.6171
63121.3717, 63169.0526, 47.6809
63050.4161, 63102.6578, 52.2417
62976.7150, 63039.8935, 63.1785
62899.1796, 62941.2851, 42.1055
62816.9563, 62864.0255, 47.0692
62729.5529, 62781.0586, 51.5057
62636.8703, 62692.2102, 55.3399
62539.2721, 62596.7157, 57.4436
62437.6277, 62496.0045, 58.3768
62333.2360, 62387.4249, 54.1889
62227.4377, 62279.7803, 52.3426
62122.9749, 62170.4456, 47.4707
62021.9003, 62065.0076, 43.1073
61926.6405, 61962.9670, 36.3265
61839.6517, 61868.5929, 28.9413
61763.2643, 61784.4650, 21.2007
61699.5457, 61711.6681, 12.1224
61650.2207, 61654.7887, 4.5680
61616.5999, 61615.3920, 1.2079
61599.4786, 61593.1302, 6.3484
61599.1981, 61588.4798, 10.7183
61615.5698, 61597.4324, 18.1374
61647.9659, 61604.0568, 43.9091
61695.2968, 61740.4211, 45.1243
61756.1596, 61765.9241, 9.7645
61828.8379, 61810.5975, 18.2404
61911.4126, 61861.2222, 50.1904
62001.8170, 61922.3030, 79.5140
62097.9493, 61993.6676, 104.2817
62197.6590, 62143.7433, 53.9157
62298.8830, 62201.3900, 97.4930
62399.6468, 62337.5685, 62.0783
62498.0947, 62439.1422, 58.9525
62592.5770, 62631.1072, 38.5302
62681.6622, 62720.6211, 38.9589
62764.1666, 62729.9819, 34.1847
62839.1885, 62823.8188, 15.3697
62906.1304, 62894.5780, 11.5524
62965.0341, 62957.3369, 7.6972
63015.3062, 63010.2542, 5.0520
63057.7897, 63055.2158, 2.5739
63093.2444, 63094.9201, 1.6757
63122.7300, 63098.3638, 24.3662
63147.6121, 63120.1461, 27.4660
63169.4348, 63139.3934, 30.0414
63189.9054, 63155.9777, 33.9277
63210.7574, 63173.7654, 36.9920
63233.7555, 63187.8943, 45.8612
63260.5011, 63208.7951, 51.7060
63292.4267, 63235.2396, 57.1871
63330.6901, 63263.9151, 66.7750
63376.1356, 63303.6885, 72.4471
63429.2427, 63368.4859, 60.7568
63490.1049, 63430.5801, 59.5248
63558.4557, 63500.8137, 57.6420
63633.6631, 63575.9846, 57.6785
63714.8026, 63659.3081, 55.4945
63800.9942, 63751.2180, 49.7762
63890.2009, 63845.0653, 45.1356
63981.6798, 63940.6173, 41.0625
64073.2561, 64048.6459, 24.6102
64163.8623, 64140.9789, 22.8834
64252.1374, 64231.9643, 20.1731
64336.8562, 64320.2952, 16.5610
64416.9535, 64403.8865, 13.0670
64491.6339, 64480.0761, 11.5578
64560.2598, 64551.8074, 8.4524
64622.4359, 64617.3144, 5.1215
64677.5589, 64675.4394, 2.1195
64725.8136, 64727.3973, 1.5837
64767.7046, 64755.8793, 11.8253
64803.1471, 64790.4329, 12.7142
64832.2893, 64819.0718, 13.2175
64855.4325, 64847.4333, 7.9992
64873.0391, 64869.3868, 3.6523
64885.3788, 64881.8792, 3.4996
64892.6751, 64890.2922, 2.3829
64895.0695, 64896.7018, 1.6323
64892.5864, 64899.3943, 6.8079
64885.1368, 64897.5836, 12.4468
64872.5023, 64883.8443, 11.3420
64854.3042, 64866.9138, 12.6096
64830.0056, 64859.7100, 29.7044
64798.9082, 64847.1138, 48.2056
64760.1816, 64830.5683, 70.3867
64712.8437, 64817.2684, 104.4247
64655.8238, 64795.4040, 139.5802
64587.9284, 64622.3390, 34.4105
64507.9904, 64480.3162, 27.6742
64414.8190, 64452.4865, 37.6675
64307.3716, 64369.5112, 62.1396
64185.0280, 64195.3402, 10.3122
64046.5205, 64053.6364, 7.1159
63891.9874, 63893.7219, 1.7345
63721.6066, 63783.0924, 61.4858
63536.0854, 63598.5602, 62.4748
63336.6960, 63369.2411, 32.5451
63125.3718, 63166.7483, 41.3765
62904.6834, 62943.5057, 38.8223
62677.8331, 62721.7481, 43.9150
62448.6514, 62487.3422, 38.6908
62221.4155, 62255.2908, 33.8753
62000.8090, 62023.6397, 22.8307
61791.7271, 61814.2461, 22.5190
61599.1035, 61612.8613, 13.7578
61427.7385, 61430.0424, 2.3039
61282.0628, 61272.1568, 9.9060
61165.9636, 61151.7811, 14.1825
61082.6326, 61059.5691, 23.0635
61034.3325, 60993.2200, 41.1125
61022.4031, 60973.4589, 48.9442
61047.1438, 60985.2885, 61.8553
61107.8019, 61009.4763, 98.3256
61202.6156, 61265.5480, 62.9324
61328.9178, 61281.5123, 47.4055
61483.2130, 61350.2171, 132.9959
61661.4075, 61560.1349, 101.2726
61858.9508, 61703.1884, 155.7624
62071.0444, 61869.9581, 201.0863
62292.8175, 62212.2643, 80.5532
62519.5354, 62342.9831, 176.5523
62746.7516, 62508.6088, 238.1428
62970.4349, 62619.6589, 350.7760
63187.0633, 63191.8280, 4.7647
63393.7035, 63404.5297, 10.8262
63588.0559, 63531.4527, 56.6032
63768.4263, 63728.4289, 39.9974
63933.7061, 63898.6091, 35.0970
64083.3300, 64052.5714, 30.7586
64217.2197, 64191.6766, 25.5431
64335.6972, 64317.3809, 18.3163
64439.3816, 64444.1618, 4.7802
64529.1387, 64540.0195, 10.8808
64606.0010, 64579.8827, 26.1183
64671.1191, 64645.5651, 25.5540
64725.6472, 64699.1114, 26.5358
64770.7891, 64725.1070, 45.6821
64807.2269, 64759.7512, 47.4757
64836.6901, 64782.6577, 54.0324
64859.8812, 64834.1747, 25.7065
64877.6253, 64860.1497, 17.4756
64890.7062, 64843.6908, 47.0154
64899.7838, 64849.0434, 50.7404
64905.4132, 64860.9875, 44.4257
64907.5900, 64865.5573, 42.0327
64907.3170, 64866.2078, 41.1092
64904.4980, 64865.8795, 38.6185
64899.2646, 64867.7269, 31.5377
64891.5809, 64821.5765, 70.0044
64881.6294, 64868.4876, 13.1418
64868.7974, 64866.5027, 2.2947
64852.4994, 64864.5191, 12.0197
64832.7119, 64860.3619, 27.6500
64809.1768, 64854.2346, 45.0578
64780.6217, 64845.5330, 64.9114
64746.7572, 64749.8796, 3.1224
64706.8530, 64710.1182, 3.2652
64660.1493, 64666.2660, 6.1167
64605.9104, 64662.3631, 56.4527
64543.4723, 64547.5610, 4.0887
64472.2300, 64472.4228, 0.1928
64391.7108, 64389.0030, 2.7078
64301.1839, 64326.6228, 25.4389
64201.2433, 64230.4067, 29.1634
64091.7657, 64125.2268, 33.4611
63973.1943, 64011.0277, 37.8334
63846.2961, 63886.3282, 40.0321
63712.1502, 63753.7986, 41.6484
63572.1865, 63614.8849, 42.6984
63428.1156, 63465.5901, 37.4745
63281.9506, 63318.8883, 36.9377
63135.9348, 63171.2663, 35.3315
62992.4679, 63026.4035, 33.9356
62854.0376, 62886.1144, 32.0768
62723.1614, 62741.9615, 18.8001
62602.2518, 62618.1966, 15.9448
62493.5288, 62515.4395, 21.9107
62398.9446, 62418.0794, 19.1349
62320.0750, 62344.7917, 24.7167
62258.0540, 62282.6852, 24.6312
62213.5504, 62188.2102, 25.3402
62186.6666, 62148.8287, 37.8379
62177.0364, 62190.4833, 13.4469
62183.3264, 62210.6021, 27.2757
62204.8407, 62258.6532, 53.8125
62239.5478, 62281.7717, 42.2239
62285.3914, 62305.3946, 20.0032
62340.1342, 62341.6265, 1.4923
62401.4587, 62375.0124, 26.4463
62467.0878, 62475.0662, 7.9784
62534.8824, 62536.7839, 1.9015
62602.9456, 62603.7588, 0.8132
62669.6642, 62777.4585, 107.7943
62733.8140, 62798.6439, 64.8299
62794.5463, 62844.7083, 50.1620
62851.3816, 62888.9871, 37.6055
62904.1842, 62945.6087, 41.4245
62953.1052, 63076.0663, 122.9611
62998.5331, 62956.0473, 42.4858
63040.9679, 63003.4082, 37.5597
63080.9750, 63043.6642, 37.3108
63119.0929, 63116.4538, 2.6391
63155.7169, 63149.9948, 5.7221
63191.1135, 63181.6120, 9.5015
63225.3493, 63215.3203, 10.0290
63258.2793, 63245.2573, 13.0220
63289.6035, 63275.1460, 14.4575
63318.8332, 63305.5474, 13.2858
63345.4390, 63332.3564, 13.0826
63368.8356, 63363.5478, 5.2878
63388.5101, 63384.3213, 4.1888
63404.0906, 63401.5989, 2.4917
63415.4219, 63414.7060, 0.7159
63422.5835, 63423.5933, 1.0098
63425.9430, 63428.3329, 2.3899
63426.1620, 63428.5383, 2.3763
63424.2016, 63426.7514, 2.5498
63421.2334, 63425.2656, 4.0322
63418.9200, 63422.9112, 3.9912
63418.0585, 63417.9250, 0.1335
63420.5507, 63412.6568, 7.8939
63427.8137, 63406.5942, 21.2195
63441.0913, 63409.0097, 32.0816
63461.4207, 63415.0389, 46.3818
63489.5145, 63466.3001, 23.2144
63526.0768, 63498.7732, 27.3036
63570.0501, 63541.1523, 28.8978
63622.2018, 63591.8785, 30.3233
63681.5734, 63653.5373, 28.0361
63747.2364, 63721.4652, 25.7712
63817.9922, 63794.8126, 23.1796
63892.4847, 63872.0923, 20.3924
63969.2450, 63951.6879, 17.5571
64046.7831, 64030.4782, 16.3049
64123.5927, 64109.6598, 13.9329
64198.2756, 64186.7098, 11.5658
64269.5317, 64260.7316, 8.8001
64336.1958, 64329.9095, 6.2863
64397.2527, 64394.9737, 2.2790
64451.8600, 64454.7133, 2.8533
64499.3140, 64505.3954, 6.0814
64539.0384, 64543.8601, 4.8217
64570.6109, 64580.3138, 9.7029
64594.0160, 64608.8346, 14.8186
64608.3261, 64628.0267, 19.7006
64613.8113, 64633.8978, 20.0865
64610.4098, 64636.0431, 25.6333
64598.1101, 64633.1884, 35.0783
64577.0418, 64626.0452, 49.0034
64547.4099, 64622.2628, 74.8529
64509.5548, 64613.0801, 103.5253
64463.9682, 64608.8396, 144.8714
64411.3102, 64623.7474, 212.4372
64352.4271, 64535.9764, 183.5493
64288.3406, 64454.4332, 166.0926
64220.2665, 64063.3528, 156.9137
64149.6022, 64082.9079, 66.6943
64077.9119, 64020.9380, 56.9739
64006.8577, 64063.9186, 57.0609
63938.1751, 63887.8955, 50.2796
63873.6225, 63809.1112, 64.5113
63814.9048, 63737.9762, 76.9286
63763.6066, 63751.2423, 12.3643
63721.1411, 63716.7062, 4.4349
63688.9486, 63685.0521, 3.8965
63667.2532, 63662.6232, 4.6300
63657.0034, 63652.2016, 4.8018
63658.3838, 63662.7734, 4.3896
63671.2220, 63667.3312, 3.8908
63695.0177, 63694.9606, 0.0571
63728.9190, 63759.7150, 30.7960
63771.8489, 63739.9714, 31.8775
63822.4849, 63772.9917, 49.4932
63879.3578, 63819.8753, 59.4825
63940.9192, 63872.0599, 68.8593
64005.5949, 63996.5251, 9.0698
64071.8567, 64042.5600, 29.2967
64138.2837, 64093.9056, 44.3781
64203.5849, 64160.5223, 43.0626
64266.6559, 64353.3758, 86.7199
64326.5723, 64326.2249, 0.3474
64382.6512, 64385.5093, 2.8581
64434.3767, 64421.9542, 12.4225
64481.4962, 64479.1386, 2.3576
64523.8579, 64520.6020, 3.2559
64561.5125, 64560.7916, 0.7209
64594.6212, 64595.5716, 0.9504
64623.4221, 64621.6345, 1.7876
64648.2665, 64648.5498, 0.2833
64669.4955, 64671.6800, 2.1845
64687.5122, 64686.9773, 0.5349
64702.6922, 64701.1132, 1.5790
64715.4073, 64713.0686, 2.3387
64725.9949, 64723.0736, 2.9213
64734.7491, 64731.1637, 3.5854
64741.9468, 64736.8764, 5.0704
64747.8363, 64742.0497, 5.7866
64752.6065, 64745.9774, 6.6291
64756.4071, 64749.6478, 6.7593
64759.3853, 64752.7008, 6.6845
64761.6680, 64755.1089, 6.5591
64763.3322, 64757.0854, 6.2468
64764.4740, 64758.5377, 5.9363
64765.1820, 64759.0731, 6.1089
64765.5004, 64760.1832, 5.3172
64765.5313, 64759.9109, 5.6204
64765.3251, 64762.2583, 3.0668
64765.2594, 64762.4853, 2.7741
64764.7069, 64762.7979, 1.9090
64764.1708, 64762.8233, 1.3475
64763.6825, 64762.8901, 0.7924
64763.3090, 64762.9307, 0.3783
64763.0734, 64763.0042, 0.0692
64763.0041, 64763.0964, 0.0923
64763.1062, 64763.2090, 0.1028
64763.4034, 64763.4176, 0.0142
64763.8428, 64763.7079, 0.1349
64764.4283, 64764.0492, 0.3791
64765.1236, 64764.3565, 0.7671
64765.8768, 64764.6514, 1.2254
64766.6564, 64765.1577, 1.4987
64767.3865, 64765.9775, 1.4090
64768.0451, 64768.1166, 0.0715
64768.1492, 64767.7777, 0.3716
64768.3116, 64767.9570, 0.3546
64768.2036, 64768.4228, 0.2192
64767.7828, 64768.8223, 1.0395
64766.9903, 64768.1863, 1.1960
64765.7956, 64768.3101, 2.5145
64764.1313, 64766.9685, 2.8373
64761.9685, 64763.7718, 1.8034
64759.2026, 64762.2459, 3.0433
64755.7566, 64759.4217, 3.6650
64751.4794, 64756.4362, 4.9568
64746.2162, 64752.3875, 6.1713
64739.7661, 64740.5454, 0.7793
64731.8497, 64732.9601, 1.1104
64722.1707, 64723.5635, 1.3928
64709.9210, 64711.3885, 1.4675
64695.3571, 64696.1950, 0.8379
64677.6992, 64678.6421, 0.9429
64656.4496, 64657.1693, 0.7197
64631.0553, 64637.7571, 6.7018
64600.9972, 64608.6924, 7.6952
64565.7412, 64574.5879, 8.8467
64524.4286, 64534.7138, 10.2852
64477.3047, 64488.3237, 11.0190
64423.8186, 64435.7045, 11.8859
64363.7913, 64376.2055, 12.4142
64297.2238, 64310.1454, 12.9216
64224.2668, 64237.3667, 13.0999
64145.2589, 64158.2203, 12.9614
64060.7232, 64072.9280, 12.2048
63971.3097, 63985.7301, 14.4204
63877.8603, 63891.1904, 13.3301
63781.2735, 63794.0067, 12.7332
63682.5252, 63693.9164, 11.3912
63582.6173, 63592.4298, 9.8125
63482.5187, 63491.6367, 9.1180
63383.1163, 63391.3048, 8.1885
63285.1666, 63294.2453, 9.0787
63189.3212, 63199.9915, 10.6703
63096.0002, 63111.0221, 15.0219
63005.4950, 63012.0888, 6.5938
62917.8981, 62929.6492, 11.7511
62833.2495, 62851.4414, 18.1919
62751.4263, 62773.9978, 22.5715
62672.3206, 62701.5533, 29.2327
62595.8461, 62602.1729, 6.3268
62521.9974, 62530.1527, 8.1553
62450.9568, 62462.4271, 11.4703
62383.0514, 62396.8283, 13.7769
62318.8967, 62371.3960, 52.4993
62259.3026, 62325.4680, 66.1654
62205.3271, 62268.8450, 63.5179
62158.2374, 62222.6278, 64.3904
62119.4353, 62178.9522, 59.5169
62090.4133, 62145.7860, 55.3727
62072.6852, 62122.1875, 49.5023
62067.6731, 62111.2148, 43.5417
62076.6189, 62114.3460, 37.7271
62100.5064, 62120.8565, 20.3501
62140.0345, 62132.5952, 7.4393
62195.4814, 62157.6695, 37.8118
62266.7073, 62203.8247, 62.8826
62353.1744, 62235.4306, 117.7438
62453.9074, 62336.5583, 117.3491
62567.5434, 62506.1885, 61.3549
62692.3599, 62550.0690, 142.2909
62826.4007, 62751.7997, 74.6010
62967.4756, 62823.6126, 143.8630
63113.2956, 63079.9075, 33.3881
63261.5437, 63225.3976, 36.1461
63409.9543, 63371.1446, 38.8097
63556.3880, 63508.1420, 48.2460
63698.8909, 63653.9447, 44.9462
63835.7397, 63797.2748, 38.4649
63965.5229, 63936.2725, 29.2504
64087.0546, 64061.4527, 25.6019
64199.4953, 64178.5172, 20.9781
64302.3005, 64286.3180, 15.9825
64395.1465, 64374.8884, 20.2581
64478.0259, 64457.4700, 20.5559
64551.1063, 64548.3405, 2.7658
64615.0424, 64612.7610, 2.2814
64669.6508, 64670.7065, 1.0557
64715.9622, 64717.6835, 1.7213
64754.6450, 64746.2015, 8.4435
64786.3966, 64779.6052, 6.7914
64811.9553, 64806.0651, 5.8902
64832.0493, 64826.9978, 5.0515
64846.9245, 64843.2881, 3.6364
64857.9148, 64854.6583, 3.2565
64865.2936, 64864.8817, 0.4119
64869.5939, 64869.0862, 0.5077
64871.2545, 64871.6623, 0.4078
64870.6446, 64869.1488, 1.4958
64868.0873, 64867.9523, 0.1350
64863.7625, 64866.6215, 2.8590
64858.1012, 64864.5403, 6.4391
64850.5069, 64861.9530, 11.4461
64841.3947, 64858.3273, 16.9326
64830.6595, 64845.0665, 14.4070
64818.1388, 64836.6827, 18.5439
64803.6236, 64826.0289, 22.4053
64786.8369, 64831.7021, 44.8652
64767.7195, 64829.0448, 61.3253
64745.2642, 64724.7650, 20.4992
64719.4520, 64733.9433, 14.4913
64689.8860, 64720.3602, 30.4742
64656.1592, 64681.1330, 24.9738
64617.8776, 64626.2211, 8.3435
64574.7068, 64583.6002, 8.8934
64526.4004, 64521.4061, 4.9943
64472.8358, 64464.9509, 7.8849
64413.9988, 64422.0837, 8.0849
64350.0578, 64361.3606, 11.3028
64281.3910, 64293.6737, 12.2827
64208.5660, 64221.3123, 12.7463
64132.3839, 64145.0812, 12.6973
64053.8689, 64065.5285, 11.6596
63974.2707, 63984.2349, 9.9642
63894.9777, 63901.2185, 6.2408
63817.5871, 63819.0249, 1.4378
63743.3643, 63741.9467, 1.4176
63674.6683, 63668.5086, 6.1597
63612.8838, 63604.1067, 8.7771
63559.5860, 63545.7279, 13.8581
63516.1670, 63500.1672, 15.9998
63483.7787, 63464.9007, 18.8780
63463.2477, 63439.3346, 23.9131
63455.0209, 63428.3251, 26.6958
63459.1935, 63464.4668, 5.2733
63475.4067, 63479.9839, 4.5772
63502.9249, 63501.3876, 1.5373
63540.6025, 63532.9801, 7.6224
63586.9601, 63569.1558, 17.8043
63640.1915, 63612.8198, 27.3717
63698.2835, 63629.1552, 69.1283
63759.0643, 63700.2627, 58.8016
63820.2829, 63867.9317, 47.6488
63879.7036, 63898.7339, 19.0303
63935.1874, 63946.1751, 10.9877
63984.7314, 64005.5101, 20.7787
64026.5697, 64048.3095, 21.7398
64059.2179, 64112.6625, 53.4446
64081.5286, 64107.0071, 25.4785
64092.6851, 64104.9814, 12.2963
64092.3015, 64094.7961, 2.4946
64080.3601, 64090.8694, 10.5093
64057.2328, 64119.2816, 62.0488
64023.6747, 64114.6926, 91.0179
63980.8546, 64062.9571, 82.1025
63930.1996, 64038.9188, 108.7192
63873.4577, 64008.5883, 135.1306
63812.1846, 63976.6645, 164.4799
63749.1591, 63992.0002, 242.8411
63686.3227, 63900.8980, 214.5753
63625.8668, 63656.1455, 30.2787
63569.9673, 63604.4129, 34.4456
63520.5898, 63562.1843, 41.5945
63479.4883, 63485.0297, 5.5414
63448.1247, 63398.9521, 49.1726
63427.5557, 63363.2388, 64.3169
63418.4482, 63347.8794, 70.5688
63421.0242, 63364.9257, 56.0985
63435.0536, 63381.3284, 53.7252
63459.8719, 63397.9987, 61.8732
63494.3810, 63415.5243, 78.8567
63537.1307, 63443.2110, 93.9197
63586.3556, 63480.4162, 105.9394
63640.0463, 63512.2981, 127.7482
63696.3598, 63578.0860, 118.2738
63752.4193, 63766.2760, 13.8567
63806.4594, 63815.4841, 9.0247
63856.3887, 63803.7924, 52.5963
63900.3395, 63864.1232, 36.2163
63936.6697, 64038.1545, 101.4848
63964.0856, 63961.5048, 2.5808
63981.6871, 63992.8831, 11.1960
63988.9473, 63987.7133, 1.2340
63985.7347, 63990.7174, 4.9827
63972.3886, 63987.4863, 15.0977
63949.6347, 63981.6823, 32.0476
63918.6163, 63963.3151, 44.6988
63880.7627, 63937.4950, 56.7323
63837.8648, 63912.2393, 74.3745
63791.8718, 63880.1058, 88.2340
63744.9012, 63849.3145, 104.4133
63699.1665, 63817.2529, 118.0864
63656.8254, 63818.1263, 161.3009
63619.9176, 63565.9802, 53.9374
63590.3127, 63540.1533, 50.1594
63569.6229, 63512.9103, 56.7126
63559.0771, 63541.5892, 17.4879
63559.5720, 63502.3883, 57.1837
63571.5779, 63523.5550, 48.0229
63595.1597, 63531.5316, 63.6281
63629.9313, 63544.3737, 85.5576
63675.1530, 63566.8587, 108.2943
63729.7332, 63590.4334, 139.2998
63792.3214, 63632.5386, 159.7828
63861.3363, 63686.7695, 174.5668
63935.0737, 63783.0428, 152.0308
64011.7556, 63839.3455, 172.4101
64089.9119, 63945.3481, 144.5638
64167.2393, 64158.5661, 8.6732
64242.6293, 64244.0353, 1.4060
64314.7642, 64316.5370, 1.7728
64382.5344, 64382.9921, 0.4577
64445.0974, 64427.2253, 17.8721
64501.8928, 64485.6799, 16.2129
64552.5864, 64537.9256, 14.6608
64597.0783, 64591.4282, 5.6501
64635.4728, 64630.1158, 5.3570
64668.0661, 64663.3044, 4.7617
64695.3045, 64690.4907, 4.8138
64717.7270, 64706.8815, 10.8455
64735.9458, 64713.9056, 22.0402
64750.6105, 64725.7846, 24.8259
64762.3902, 64732.1768, 30.2134
64771.9186, 64749.5109, 22.4077
64779.7680, 64757.4350, 22.3330
64786.4821, 64763.0187, 23.4634
64792.4944, 64768.6505, 23.8439
64798.2126, 64773.0687, 25.1439
64803.9251, 64778.7305, 25.1946
64809.8425, 64785.6226, 24.2199
64816.1191, 64793.0741, 23.0450
64822.8072, 64799.6009, 23.2063
64829.9320, 64807.0751, 22.8569
64837.4720, 64815.0768, 22.3952
64845.3650, 64827.1964, 18.1686
64853.4935, 64837.1257, 16.3678
64861.7759, 64847.3157, 14.4602
64870.0956, 64857.3412, 12.7544
64878.6195, 64867.1731, 11.4464
64886.5814, 64877.0755, 9.5059
64894.2890, 64886.4531, 7.8359
64901.6714, 64894.8505, 6.8209
64908.6434, 64903.4551, 5.1883
64915.1494, 64910.6925, 4.4569
64921.1439, 64917.5029, 3.6410
64926.5895, 64923.4814, 3.1081
64931.4619, 64928.6714, 2.7905
64935.7392, 64933.0434, 2.6958
64939.3691, 64936.9870, 2.3821
64942.3516, 64940.2467, 2.1049
64944.6415, 64942.8143, 1.8272
64946.1951, 64944.7094, 1.4857
64946.9694, 64945.9441, 1.0253
64946.9060, 64946.5366, 0.3694
64945.9803, 64945.8199, 0.1604
64944.1397, 64945.6270, 1.4873
64941.3309, 64945.5004, 4.1695
64937.5478, 64945.4639, 7.9161
64932.7742, 64940.6489, 7.8747
64927.0107, 64938.4169, 11.4062
64920.3180, 64935.4426, 15.1246
64912.7249, 64932.1100, 19.3851
64904.3271, 64893.4033, 10.9238
64895.2376, 64898.8616, 3.6240
64885.6013, 64890.5365, 4.9352
64875.5548, 64879.0664, 3.5116
64865.2897, 64861.9918, 3.2979
64854.9636, 64850.3245, 4.6391
64844.7702, 64839.3210, 5.4492
64834.8748, 64829.0669, 5.8079
64825.4558, 64818.2805, 7.1753
64816.6598, 64812.2004, 4.4594
64808.5929, 64810.2111, 1.6182
64801.3513, 64803.2491, 1.8978
64795.0112, 64797.3170, 2.3058
64789.6077, 64788.3052, 1.3025
64785.1346, 64786.1194, 0.9848
64781.5942, 64782.9723, 1.3781
64778.9139, 64780.8080, 1.8941
64776.6429, 64782.0565, 5.4136
64775.3526, 64780.9666, 5.6140
64774.6856, 64780.9884, 6.3028
64774.5425, 64782.4360, 7.8935
64774.8230, 64784.4103, 9.5874
64775.4288, 64784.9460, 9.5172
64776.2515, 64787.3057, 11.0542
64777.1971, 64792.3815, 15.1844
64778.1261, 64783.5037, 5.3776
64778.8969, 64784.0725, 5.1756
64779.3054, 64784.0349, 4.7295
64779.1310, 64796.4059, 17.2749
64778.1071, 64794.1205, 16.0134
64775.8946, 64791.3195, 15.4249
64772.1137, 64787.8563, 15.7426
64766.2769, 64781.7314, 15.4545
64757.8755, 64772.1588, 14.2833
64746.3619, 64753.9902, 7.6283
64731.1284, 64745.7769, 14.6485
64711.5741, 64735.1828, 23.6086
64686.6876, 64694.9525, 8.2649
64656.5658, 64661.8282, 5.2624
64620.4657, 64625.9667, 5.5010
64578.0020, 64583.2808, 5.2788
64528.9538, 64534.2511, 5.2973
64473.3121, 64477.5208, 4.2087
64411.2445, 64412.4089, 1.1644
64343.1467, 64339.7641, 3.3826
64269.6624, 64261.0946, 8.5678
64191.6595, 64176.8196, 14.8399
64110.2048, 64102.2295, 7.9753
64026.5605, 64014.0651, 12.4954
63942.1209, 63919.3845, 22.7364
63858.3590, 63852.1695, 6.1895
63776.7340, 63773.6616, 3.0724
63698.6528, 63696.8742, 1.7786
63625.3919, 63619.7590, 5.6329
63558.0165, 63553.0731, 4.9434
63496.9115, 63489.2015, 7.7100
63443.2374, 63444.2822, 1.0448
63396.8749, 63400.6314, 3.7565
63357.6483, 63363.3187, 5.6704
63325.0685, 63329.5843, 4.5158
63298.3525, 63304.4366, 6.0841
63276.5179, 63310.0584, 33.5405
63258.4556, 63296.4933, 38.0377
63242.9431, 63282.9743, 40.0312
63228.8244, 63274.2268, 45.4024
63215.0375, 63264.9580, 49.9205
63200.6738, 63254.4999, 53.8261
63185.0988, 63244.5157, 59.4169
63167.9054, 63234.3517, 66.4463
63148.9808, 63201.9417, 52.9609
63128.5062, 63180.9544, 52.4482
63106.8684, 63158.2386, 51.3702
63084.6458, 63132.7397, 48.0939
63062.5499, 63103.9535, 41.4036
63041.3371, 63076.9245, 35.5874
63021.7440, 63047.9143, 26.1703
63004.4237, 63023.8877, 19.4640
62989.9001, 63004.5670, 14.6669
62978.5465, 62987.6379, 9.0914
62970.5204, 62977.4487, 6.9283
62965.8615, 62970.6137, 4.7522
62964.4260, 62967.1909, 2.7649
62965.9962, 62967.5580, 1.5618
62970.2792, 62969.9217, 0.3575
62977.0207, 62976.6318, 0.3889
62985.9857, 62982.8080, 3.1777
62997.1084, 62989.6217, 7.4867
63010.4058, 62997.5478, 12.8580
63026.0942, 63006.4258, 19.6684
63044.5322, 63015.6608, 28.8714
63066.2051, 63063.0080, 3.1971
63091.7153, 63073.7375, 17.9778
63121.7126, 63088.5750, 33.1376
63156.8120, 63120.8873, 35.9247
63197.5825, 63176.5505, 21.0320
63244.4598, 63223.4012, 21.0586
63297.6766, 63271.0582, 26.6184
63357.2862, 63324.2398, 33.0464
63423.3234, 63385.5693, 37.7541
63494.2439, 63460.7116, 33.5323
63570.3971, 63537.6297, 32.7674
63650.5656, 63633.0506, 17.5150
63733.6346, 63711.9034, 21.7312
63818.3370, 63796.2357, 22.1013
63903.3949, 63881.7985, 21.5964
63987.4513, 63966.9652, 20.4861
64069.2168, 64050.0813, 19.1355
64147.4642, 64129.0598, 18.4044
64221.0834, 64203.3677, 17.7157
64289.0836, 64273.2526, 15.8310
64350.6445, 64337.3281, 13.3164
64405.0921, 64392.1710, 12.9211
64451.8506, 64436.6189, 15.2317
64490.5588, 64478.1981, 12.3607
64520.9083, 64512.0774, 8.8309
64542.6781, 64537.2464, 5.4317
64555.7754, 64547.4174, 8.3580
64560.1363, 64555.5394, 4.5969
64556.0522, 64554.6252, 1.4270
64542.9042, 64544.4318, 1.5276
64521.2250, 64540.7943, 19.5693
64491.2116, 64505.8605, 14.6489
64453.1243, 64484.0985, 30.9742
64407.3507, 64456.2423, 48.8916
64354.4295, 64422.9029, 68.4734
64295.0532, 64378.9662, 83.9130
64230.1143, 64329.0245, 98.9102
64160.6392, 63990.7181, 169.9211
64087.9104, 64038.7634, 49.1470
64013.3684, 64011.2427, 2.1257
63938.5916, 63979.5723, 40.9807
63865.3107, 63900.0165, 34.7058
63795.3367, 63778.7908, 16.5459
63730.4502, 63707.8547, 22.5955
63672.4134, 63634.8989, 37.5145
63622.8615, 63578.2229, 44.6386
63583.5058, 63536.9332, 46.5726
63554.8433, 63540.8146, 14.0287
63538.1513, 63522.2537, 15.8976
63533.9255, 63518.9443, 14.9812
63542.2760, 63522.4310, 19.8450
63562.9475, 63539.2240, 23.7235
63595.2990, 63562.8027, 32.4963
63638.3189, 63595.7781, 42.5408
63690.7519, 63620.2425, 70.5094
63751.0882, 63651.5579, 99.5303
63817.6491, 63689.4635, 128.1856
63888.6968, 63876.3452, 12.3516
63962.4312, 63924.9222, 37.5090
64037.1452, 63981.7250, 55.4202
64111.2509, 64057.8252, 53.4257
64183.2879, 64131.9920, 51.2959
64252.0517, 64250.5277, 1.5240
64316.5290, 64317.4686, 0.9396
64375.9725, 64378.9818, 3.0093
64429.8717, 64423.1247, 6.7470
64477.9583, 64475.7337, 2.2246
64520.1318, 64522.5630, 2.4312
64556.5197, 64549.6077, 6.9120
64587.3444, 64580.6930, 6.6514
64613.0099, 64603.4044, 9.6055
64633.9428, 64624.0858, 9.8570
64650.2132, 64640.5948, 9.6184
64663.0142, 64645.9448, 17.0694
64672.1419, 64654.0360, 18.1059
64678.7122, 64660.6422, 18.0700
64682.8837, 64657.7968, 25.0869
64684.9802, 64660.2696, 24.7106
64685.3257, 64661.1688, 24.1569
64684.0892, 64661.3991, 22.6901
64681.3939, 64658.5025, 22.8914
64677.2375, 64658.5501, 18.6874
64671.5489, 64658.6357, 12.9132
64664.0952, 64654.9364, 9.1588
64654.5855, 64652.5851, 2.0004
64642.5756, 64650.4214, 7.8458
64627.5224, 64646.7860, 19.2636
64608.7905, 64632.1396, 23.3491
64585.6122, 64636.9777, 51.3655
64557.1820, 64561.6291, 4.4471
64522.8675, 64527.2598, 4.3923
64481.0830, 64531.3192, 50.2362
64431.3047, 64457.2641, 25.9594
64372.6531, 64384.7259, 12.0728
64304.3443, 64323.3118, 18.9675
64225.7509, 64242.6584, 16.9075
64136.4531, 64138.6575, 2.2044
64036.3282, 64037.2968, 0.9686
63925.5933, 63924.6389, 0.9544
63804.8416, 63806.6011, 1.7595
63675.1030, 63676.4701, 1.3671
63537.8146, 63533.2532, 4.5614
63394.8980, 63382.1299, 12.7681
63248.7009, 63233.0220, 15.6789
63101.9031, 63076.3991, 25.5040
62957.5408, 62920.8737, 36.6671
62818.8183, 62783.2322, 35.5861
62689.0420, 62726.6253, 37.5833
62571.4674, 62604.8867, 33.4193
62469.1880, 62496.2984, 27.1104
62384.9911, 62402.4742, 17.4831
62321.2278, 62335.4170, 14.1892
62279.6727, 62284.7282, 5.0555
62261.5262, 62255.1590, 6.3672
62267.2656, 62253.1958, 14.0698
62296.6648, 62285.7845, 10.8803
62348.8162, 62352.1677, 3.3515
62422.1477, 62397.3997, 24.7480
62514.5511, 62439.5548, 74.9963
62623.4336, 62499.6431, 123.7905
62745.8776, 62568.6051, 177.2725
62878.7507, 62879.1414, 0.3907
63018.8159, 62995.8867, 22.9292
63162.9082, 63091.4101, 71.4981
63308.0746, 63211.4995, 96.5751
63451.5446, 63342.4874, 109.0572
63590.9536, 63669.7623, 78.8087
63724.3007, 63720.0322, 4.2685
63850.0188, 63843.8914, 6.1274
63966.9260, 63941.5769, 25.3491
64074.2858, 64058.0947, 16.1911
64171.7394, 64158.8468, 12.8926
64259.2063, 64257.0981, 2.1082
64336.9381, 64311.0539, 25.8842
64405.3784, 64376.8265, 28.5519
64465.1422, 64433.1773, 31.9649
64516.9484, 64483.5168, 33.4316
64561.5741, 64527.3727, 34.2014
64599.8302, 64565.2166, 34.6136
64632.5068, 64588.8492, 43.6576
64660.3594, 64620.6269, 39.7325
64683.6453, 64609.2774, 74.3679
64703.6633, 64612.0419, 91.6214
64720.6497, 64660.6109, 60.0388
64735.0620, 64684.5041, 50.5579
64747.2607, 64702.6079, 44.6528
64757.5411, 64719.5850, 37.9561
64766.1163, 64730.0524, 36.0639
64773.1272, 64741.4687, 31.6585
64778.6466, 64749.9816, 28.6650
64782.6895, 64758.5743, 24.1152
64785.2012, 64766.2394, 18.9618
64786.0630, 64772.1701, 13.8929
64785.4015, 64773.7069, 11.6946
64782.3014, 64774.5261, 7.7753
64777.2100, 64774.2162, 2.9938
64769.1116, 64773.1337, 4.0221
64758.0441, 64770.1894, 12.1453
64743.6199, 64765.7600, 22.1401
64725.3936, 64755.7017, 30.3081
64702.9575, 64748.7849, 45.8274
64675.9156, 64739.8094, 63.8938
64643.9499, 64627.1976, 16.7523
64606.7669, 64615.2925, 8.5256
64564.2395, 64587.9893, 23.7498
64516.3411, 64529.6437, 13.3026
64463.2092, 64474.7321, 11.5229
64404.7580, 64402.5627, 2.1953
64342.1740, 64338.2537, 3.9203
64275.9080, 64268.9204, 6.9876
64206.8908, 64203.7953, 3.0955
64136.2710, 64134.4079, 1.8631
64065.3321, 64060.3484, 4.9837
63995.4906, 63986.7857, 8.7049
63928.2291, 63915.7540, 12.4751
63865.0443, 63848.0758, 16.9685
63807.3474, 63785.6376, 21.7098
63756.4495, 63757.5931, 1.1436
63713.4270, 63716.1532, 2.7262
63679.0720, 63680.5838, 1.5118
63653.8815, 63654.1722, 0.2907
63637.9714, 63639.1989, 1.2275
63631.0890, 63632.8242, 1.7352
63632.5802, 63626.3614, 6.2188
63641.4048, 63630.7877, 10.6171
63656.2319, 63638.0178, 18.2141
63675.4351, 63678.3022, 2.8671
63697.2369, 63709.1674, 11.9305
63719.7437, 63738.7010, 18.9573
63741.0607, 63770.4788, 29.4181
63759.3946, 63869.0568, 109.6622
63773.1452, 63878.6278, 105.4826
63780.9710, 63874.4481, 93.4771
63781.9273, 63888.5752, 106.6479
63775.4214, 63900.9954, 125.5740
63761.3388, 63832.7346, 71.3958
63740.0065, 63826.4041, 86.3976
63712.1769, 63702.1523, 10.0246
63679.0161, 63689.9125, 10.8964
63642.0240, 63676.0752, 34.0513
63602.9687, 63651.5065, 48.5378
63563.7811, 63597.0701, 33.2890
63526.5127, 63524.5935, 1.9192
63493.1943, 63536.0727, 42.8784
63465.7161, 63455.5435, 10.1726
63445.7554, 63421.3955, 24.3599
63434.7481, 63402.6952, 32.0529
63433.7320, 63406.6660, 27.0660
63443.4016, 63411.2613, 32.1403
63464.0276, 63417.8084, 46.2192
63495.4696, 63424.4378, 71.0318
63537.2021, 63458.8207, 78.3814
63588.3524, 63487.5022, 100.8502
63647.7946, 63522.0157, 125.7789
63714.1150, 63560.6271, 153.4879
63785.8192, 63665.0305, 120.7887
63861.2735, 63731.3810, 129.8925
63938.8537, 63853.1418, 85.7119
64017.0344, 64006.6140, 10.4204
64094.3535, 64083.3256, 11.0279
64169.1250, 64158.3897, 10.7353
64240.4648, 64232.2568, 8.2080
64307.7007, 64293.2633, 14.4374
64369.3687, 64356.5778, 12.7909
64425.2602, 64416.2816, 8.9786
64474.8917, 64471.8434, 3.0483
64517.8602, 64523.5447, 5.6845
64553.8368, 64551.6635, 2.1733
64582.4745, 64581.7611, 0.7134
64603.3830, 64605.1389, 1.7559
64616.0270, 64626.3955, 10.3685
64619.6929, 64634.8186, 15.1257
64613.3984, 64630.3604, 16.9620
64595.8645, 64620.6263, 24.7618
64565.4074, 64593.7311, 28.3237
64519.9233, 64577.2643, 57.3410
64456.8170, 64556.0181, 99.2011
64373.0050, 64530.0549, 157.0499
64264.8650, 64453.1881, 188.3231
64128.2750, 64395.8006, 267.5256
63958.6375, 64032.7284, 74.0909
63750.9339, 63951.0719, 200.1380
63499.8151, 63658.3228, 158.5077
63199.7155, 63350.2968, 150.5813
62845.0589, 62924.8416, 79.7827
62430.3772, 62549.6846, 119.3074
61950.5697, 62084.9215, 134.3518
61401.1204, 61511.5877, 110.4673
60778.5950, 60900.2927, 121.6977
60079.6670, 60211.6653, 131.9983
59303.3687, 59482.5690, 179.2003
58449.7639, 58657.0636, 207.2997
57520.5376, 57680.2407, 159.7031
56519.0937, 56681.6788, 162.5851
55450.5895, 55617.6571, 167.0676
54321.8967, 54484.0504, 162.1537
53141.5046, 53300.8168, 159.3122
51919.3398, 52075.0370, 155.6972
50666.5223, 50829.0629, 162.5406
49395.0566, 49488.2406, 93.1840
48117.5094, 48217.8627, 100.3533
46846.6159, 46949.6873, 103.0714
45594.9112, 46120.2688, 525.3576
44374.3619, 44835.0873, 460.7254
43196.0191, 43714.4611, 518.4420
42069.7506, 42352.9253, 283.1747
41003.9450, 41287.2829, 283.3379
40005.3917, 40271.2499, 265.8582
39079.1406, 39373.0834, 293.9428
38228.4905, 38513.3859, 284.8954
37455.0527, 37764.8574, 309.8047
36758.8004, 37153.7404, 394.9400
36138.2722, 36567.9311, 429.6589
35590.7276, 36015.4059, 424.6783
35112.3850, 35599.0666, 486.6816
34698.6599, 35221.1359, 522.4760
34344.3757, 34898.1926, 553.8169
34044.0154, 34602.9649, 558.9495
33791.8972, 34371.5691, 579.6719
33582.3809, 34182.6770, 600.2961
33410.0015, 34019.3712, 609.3697
33269.5829, 33876.2636, 606.6807
33156.3440, 33767.6368, 611.2928
33065.9286, 33640.7699, 574.8413
32994.4498, 33555.1616, 560.7118
32938.5040, 33491.7507, 553.2467
32895.1546, 33420.1066, 524.9520
32861.9015, 33328.2046, 466.3031
32836.6487, 33280.6101, 443.9614
32817.6567, 33231.5924, 413.9357
32803.5174, 33999.6303, 1196.1129
32793.1009, 33830.4463, 1037.3454
32785.5038, 33689.6921, 904.1883
32780.0131, 33547.1771, 767.1640
32776.0810, 33423.3472, 647.2662
32773.2979, 33312.3141, 539.0162
32771.3391, 33221.4062, 450.0671
32769.9832, 33148.2181, 378.2349
32769.0588, 33083.3453, 314.2865
32768.4235, 33022.4733, 254.0498
32768.0000, 32970.7482, 202.7482
32768.0000, 32932.3136, 164.3136
32768.0000, 32898.4758, 130.4758
32768.0000, 32870.6427, 102.6427
32768.0000, 32848.0000, 80.0000
32768.0000, 32830.5429, 62.5429
32768.0000, 32817.4897, 49.4897
32768.0000, 32806.0635, 38.0635
32768.0000, 32797.0850, 29.0850
32768.0000, 32789.5979, 21.5979
32768.0000, 32773.3354, 5.3354
32768.0000, 32771.8820, 3.8820
32768.0000, 32770.6699, 2.6699
32768.0000, 32769.8220, 1.8220
32768.0000, 32769.2377, 1.2377
32768.0000, 32768.7922, 0.7922
32768.0000, 32768.4473, 0.4473
32768.0000, 32768.1691, 0.1691
32768.0000, 32768.0753, 0.0753
32768.0000, 32768.0324, 0.0324
32768.0000, 32768.0067, 0.0067
32768.0000, 32768.0013, 0.0013
32768.0000, 32767.9972, 0.0028
32768.0000, 32768.0000, 0.0000
32768.0000, 32768.0000, 0.0000
32768.0000, 32768.0000, 0.0000
32768.0000, 32768.0000, 0.0000
32768.0000, 32768.0000, 0.0000
32768.0000, 32768.0000, 0.0000
32768.0000, 32768.0000, 0.0000
32768.0000, 32768.0000, 0.0000
32768.0000, 32768.0000, 0.0000
32768.0000, 32768.0000, 0.0000
32768.0000, 32768.0000, 0.0000
32768.0000, 32768.0000, 0.0000
32768.0000, 32768.0000, 0.0000
32768.0000, 32768.0000, 0.0000
32768.0000, 32768.0000, 0.0000
32768.0000, 32768.0000, 0.0000
32768.0000, 32768.0000, 0.0000
32768.0000, 32768.0000, 0.0000
32768.0000, 32768.0000, 0.0000
32768.0000, 32768.0000, 0.0000
32768.0000, 32768.0000, 0.0000
32768.0000, 32768.0000, 0.0000
32768.0000, 32768.0000, 0.0000
32768.0000, 32768.0000, 0.0000
32768.0000, 32768.0000, 0.0000
32768.0000, 32768.0000, 0.0000
32768.0000, 32768.0000, 0.0000
32768.0000, 32768.0000, 0.0000
32768.0000, 32768.0000, 0.0000
32768.0000, 32768.0000, 0.0000
32768.0000, 32768.0000, 0.0000
32768.0000, 32768.0000, 0.0000
32768.0000, 32768.0000, 0.0000
32768.0000, 32768.0000, 0.0000
32768.0000, 32768.0000, 0.0000
32768.0000, 32768.0000, 0.0000
32768.0000, 32768.0000, 0.0000
32768.0000, 32768.0000, 0.0000
32768.0000, 32768.0000, 0.0000
32768.0000, 32768.0000, 0.0000
32768.0000, 32768.0000, 0.0000
32768.0000, 32768.0000, 0.0000
32768.0000, 32768.0000, 0.0000
32768.0000, 32768.0000, 0.0000
32768.0000, 32768.0000, 0.0000
32768.0000, 32768.0000, 0.0000
32768.0000, 32768.0000, 0.0000
32768.0000, 32768.0000, 0.0000
32768.0000, 32768.0000, 0.0000
32768.0000, 32768.0000, 0.0000
32768.0000, 32768.0000, 0.0000
32768.0000, 32768.0000, 0.0000
32768.0000, 32768.0000, 0.0000
32768.0000, 32768.0000, 0.0000
32768.0000, 32768.0000, 0.0000
32768.0000, 32768.0000, 0.0000
32768.0000, 32768.0000, 0.0000
32768.0000, 32768.0000, 0.0000
32768.0000, 32768.0000, 0.0000
32768.0000, 32768.0000, 0.0000
32768.0000, 32768.0000, 0.0000
32768.0000, 32768.0000, 0.0000
32768.0000, 32768.0000, 0.0000
32768.0000, 32768.0000, 0.0000
32768.0000, 32768.0000, 0.0000
32768.0000, 32768.0000, 0.0000
32768.0000, 32768.0000, 0.0000
32768.0000, 32768.0000, 0.0000
32768.0000, 32768.0000, 0.0000
32768.0000, 32768.0000, 0.0000
32768.0000, 32768.0000, 0.0000
32768.0000, 32768.0000, 0.0000
32768.0000, 32768.0000, 0.0000
32768.0000, 32768.0000, 0.0000
32768.0000, 32768.0000, 0.0000
32768.0000, 32768.0000, 0.0000
32768.0000, 32768.0000, 0.0000
32768.0000, 32768.0000, 0.0000
32768.0000, 32768.0000, 0.0000
32768.0000, 32768.0000, 0.0000
32768.0000, 32768.0000, 0.0000
32768.0000, 32768.0000, 0.0000
32768.0000, 32768.0000, 0.0000
32768.0000, 32768.0000, 0.0000
32768.0000, 32768.0000, 0.0000
32768.0000, 32768.0000, 0.0000
32768.0000, 32768.0000, 0.0000
32768.0000, 32768.0000, 0.0000
32768.0000, 32768.0000, 0.0000
32768.0000, 32768.0000, 0.0000
32768.0000, 32768.0000, 0.0000
32768.0000, 32768.0000, 0.0000
32768.0000, 32768.0000, 0.0000
32768.0000, 32768.0000, 0.0000
32768.0000, 32768.0000, 0.0000
32768.0000, 32768.0000, 0.0000
32768.0000, 32768.0000, 0.0000
32768.0000, 32768.0000, 0.0000
32768.0000, 32768.0000, 0.0000
32768.0000, 32768.0000, 0.0000
32768.0000, 32768.0000, 0.0000
32768.0000, 32768.0000, 0.0000
32768.0000, 32768.0000, 0.0000
32768.0000, 32768.0000, 0.0000
32768.0000, 32768.0000, 0.0000
32768.0000, 32768.0000, 0.0000
32768.0000, 32768.0000, 0.0000
32768.0000, 32768.0000, 0.0000
32768.0000, 32768.0000, 0.0000
32768.0000, 32768.0000, 0.0000
32768.0000, 32768.0000, 0.0000
32768.0000, 32768.0000, 0.0000
32768.0000, 32768.0000, 0.0000
32768.0000, 32768.0000, 0.0000
32768.0000, 32768.0000, 0.0000
32768.0000, 32768.0000, 0.0000
32768.0000, 32768.0000, 0.0000
32768.0000, 32768.0000, 0.0000
32768.0000, 32768.0000, 0.0000
32768.0000, 32768.0000, 0.0000
32768.0000, 32768.0000, 0.0000
32768.0000, 32768.0000, 0.0000
32768.0000, 32768.0000, 0.0000
32768.0000, 32768.0000, 0.0000
32768.0000, 32768.0000, 0.0000
32768.0000, 32768.0000, 0.0000
32768.0000, 32768.0000, 0.0000
32768.0000, 32768.0000, 0.0000
32768.0000, 32768.0000, 0.0000
32768.0000, 32768.0000, 0.0000
32768.0000, 32768.0000, 0.0000
32768.0000, 32768.0000, 0.0000
32768.0000, 32768.0000, 0.0000
32768.0000, 32768.0000, 0.0000
32768.0000, 32768.0000, 0.0000
32768.0000, 32768.0000, 0.0000
32768.0000, 32768.0000, 0.0000
32768.0000, 32768.0000, 0.0000
32768.0000, 32768.0000, 0.0000
32768.0000, 32768.0000, 0.0000
32768.0000, 32768.0000, 0.0000
32768.0000, 32768.0000, 0.0000
32768.0000, 32768.0000, 0.0000
32768.0000, 32768.0000, 0.0000
32768.0000, 32768.0000, 0.0000
32768.0000, 32768.0000, 0.0000
32768.0000, 32768.0000, 0.0000
32768.0000, 32768.0000, 0.0000
32768.0000, 32768.0000, 0.0000
32768.0000, 32768.0000, 0.0000
32768.0000, 32768.0000, 0.0000
32768.0000, 32768.0000, 0.0000
32768.0000, 32768.0000, 0.0000
32768.0000, 32768.0000, 0.0000
32768.0000, 32768.0000, 0.0000
32768.0000, 32768.0000, 0.0000
32768.0000, 32768.0000, 0.0000
32768.0000, 32768.0000, 0.0000
32768.0000, 32768.0000, 0.0000
32768.0000, 32768.0000, 0.0000
32768.0000, 32768.0000, 0.0000
32768.0000, 32768.0000, 0.0000
32768.0000, 32768.0000, 0.0000
32768.0000, 32768.0000, 0.0000
32768.0000, 32768.0000, 0.0000
32768.0000, 32768.0000, 0.0000
32768.0000, 32768.0000, 0.0000
32768.0000, 32768.0000, 0.0000
32768.0000, 32768.0000, 0.0000
32768.0000, 32768.0000, 0.0000
32768.0000, 32768.0000, 0.0000
32768.0000, 32768.0000, 0.0000
32768.0000, 32768.0000, 0.0000
32768.0000, 32768.0000, 0.0000
32768.0000, 32768.0000, 0.0000
32768.0000, 32768.0000, 0.0000
32768.0000, 32768.0000, 0.0000
32768.0000, 32768.0000, 0.0000
32768.0000, 32768.0000, 0.0000
32768.0000, 32768.0000, 0.0000
32768.0000, 32768.0000, 0.0000
32768.0000, 32768.0000, 0.0000
32768.0000, 32768.0000, 0.0000
32768.0000, 32768.0000, 0.0000
32768.0000, 32768.0000, 0.0000
32768.0000, 32768.0000, 0.0000
32768.0000, 32768.0000, 0.0000
32768.0000, 32768.0000, 0.0000
32768.0000, 32768.0000, 0.0000
32768.0000, 32768.0000, 0.0000
32768.0000, 32768.0000, 0.0000
32768.0000, 32768.0000, 0.0000
32768.0000, 32768.0000, 0.0000
32768.0000, 32768.0000, 0.0000
32768.0000, 32768.0000, 0.0000
32768.0000, 32768.0000, 0.0000
32768.0000, 32768.0000, 0.0000
32768.0000, 32768.0000, 0.0000
32768.0000, 32768.0000, 0.0000
32768.0000, 32768.0000, 0.0000
32768.0000, 32768.0000, 0.0000
32768.0000, 32768.0000, 0.0000
32768.0000, 32768.0000, 0.0000
32768.0000, 32768.0000, 0.0000
32768.0000, 32768.0000, 0.0000
32768.0000, 32768.0000, 0.0000
32768.0000, 32768.0000, 0.0000
32768.0000, 32768.0000, 0.0000
32768.0000, 32768.0000, 0.0000
32768.0000, 32768.0000, 0.0000
32768.0000, 32768.0000, 0.0000
32768.0000, 32768.0000, 0.0000
32768.0000, 32768.0000, 0.0000
32768.0000, 32768.0000, 0.0000
32768.0000, 32768.0000, 0.0000
32768.0000, 32768.0000, 0.0000
32768.0000, 32768.0000, 0.0000
32768.0000, 32768.0000, 0.0000
32768.0000, 32768.0000, 0.0000
32768.0000, 32768.0000, 0.0000
32768.0000, 32768.0000, 0.0000
32768.0000, 32768.0000, 0.0000
32768.0000, 32768.0000, 0.0000
32768.0000, 32768.0000, 0.0000
32768.0000, 32768.0000, 0.0000
32768.0000, 32768.0000, 0.0000
32768.0000, 32768.0000, 0.0000
32768.0000, 32768.0000, 0.0000
32768.0000, 32768.0000, 0.0000
32768.0000, 32768.0000, 0.0000
32768.0000, 32768.0000, 0.0000
32768.0000, 32768.0000, 0.0000
32768.0000, 32768.0000, 0.0000
32768.0000, 32768.0000, 0.0000
32768.0000, 32768.0000, 0.0000
32768.0000, 32768.0000, 0.0000
32768.0000, 32768.0000, 0.0000
32768.0000, 32768.0000, 0.0000
32768.0000, 32768.0000, 0.0000
32768.0000, 32768.0000, 0.0000
32768.0000, 32768.0000, 0.0000
32768.0000, 32768.0000, 0.0000
32768.0000, 32768.0000, 0.0000
32768.0000, 32768.0000, 0.0000
32768.0000, 32768.0000, 0.0000
32768.0000, 32768.0000, 0.0000
32768.0000, 32768.0000, 0.0000
32768.0000, 32768.0000, 0.0000
32768.0000, 32768.0000, 0.0000
32768.0000, 32768.0000, 0.0000
32768.0000, 32768.0000, 0.0000
32768.0000, 32768.0000, 0.0000
32768.0000, 32768.0000, 0.0000
32768.0000, 32768.0000, 0.0000
32768.0000, 32768.0000, 0.0000
32768.0000, 32768.0000, 0.0000
32768.0000, 32768.0000, 0.0000
32768.0000, 32768.0000, 0.0000
32768.0000, 32768.0000, 0.0000
32768.0000, 32768.0000, 0.0000
32768.0000, 32768.0000, 0.0000
32768.0000, 32768.0000, 0.0000
32768.0000, 32768.0000, 0.0000
32768.0000, 32768.0000, 0.0000
32768.0000, 32768.0000, 0.0000
32768.0000, 32768.0000, 0.0000
32768.0000, 32768.0000, 0.0000
32768.0000, 32768.0000, 0.0000
32768.0000, 32768.0000, 0.0000
32768.0000, 32768.0000, 0.0000
32768.0000, 32768.0000, 0.0000
32768.0000, 32768.0000, 0.0000
32768.0000, 32768.0000, 0.0000
32768.0000, 32768.0000, 0.0000
32768.0000, 32768.0000, 0.0000
32768.0000, 32768.0000, 0.0000
32768.0000, 32768.0000, 0.0000
32768.0000, 32768.0000, 0.0000
32768.0000, 32768.0000, 0.0000
32768.0000, 32768.0000, 0.0000
32768.0000, 32768.0000, 0.0000
32768.0000, 32768.0000, 0.0000
32768.0000, 32768.0000, 0.0000
32768.0000, 32768.0000, 0.0000
32768.0000, 32768.0000, 0.0000
32768.0000, 32768.0000, 0.0000
32768.0000, 32768.0000, 0.0000
32768.0000, 32768.0000, 0.0000
32768.0000, 32768.0000, 0.0000
32768.0000, 32768.0000, 0.0000
32768.0000, 32768.0000, 0.0000
32768.0000, 32768.0000, 0.0000
32768.0000, 32768.0000, 0.0000
32768.0000, 32768.0000, 0.0000
32768.0000, 32768.0000, 0.0000
32768.0000, 32768.0000, 0.0000
32768.0000, 32768.0000, 0.0000
32768.0000, 32768.0000, 0.0000
32768.0000, 32768.0000, 0.0000
32768.0000, 32768.0000, 0.0000
32768.0000, 32768.0000, 0.0000
32768.0000, 32768.0000, 0.0000
32768.0000, 32768.0000, 0.0000
32768.0000, 32768.0000, 0.0000
32768.0000, 32768.0000, 0.0000
32768.0000, 32768.0000, 0.0000
32768.0000, 32768.0000, 0.0000
32768.0000, 32768.0000, 0.0000
32768.0000, 32768.0000, 0.0000
32768.0000, 32768.0000, 0.0000
32768.0000, 32768.0000, 0.0000
32768.0000, 32768.0000, 0.0000
32768.0000, 32768.0000, 0.0000
32768.0000, 32768.0000, 0.0000
32768.0000, 32768.0000, 0.0000
32768.0000, 32768.0000, 0.0000
32768.0000, 32768.0000, 0.0000
32768.0000, 32768.0000, 0.0000
32768.0000, 32768.0000, 0.0000
32768.0000, 32768.0000, 0.0000
32768.0000, 32768.0000, 0.0000
32768.0000, 32768.0000, 0.0000
32768.0000, 32768.0000, 0.0000
32768.0000, 32768.0000, 0.0000
32768.0000, 32768.0000, 0.0000
32768.0000, 32768.0000, 0.0000
32768.0000, 32768.0000, 0.0000
32768.0000, 32768.0000, 0.0000
32768.0000, 32768.0000, 0.0000
32768.0000, 32768.0000, 0.0000
32768.0000, 32768.0000, 0.0000
32768.0000, 32768.0000, 0.0000
32768.0000, 32768.0000, 0.0000
32768.0000, 32768.0000, 0.0000
32768.0000, 32768.0000, 0.0000
32768.0000, 32768.0000, 0.0000
32768.0000, 32768.0000, 0.0000
32768.0000, 32768.0000, 0.0000
32768.0000, 32768.0000, 0.0000
32768.0000, 32768.0000, 0.0000
32768.0000, 32768.0000, 0.0000
32768.0000, 32768.0000, 0.0000
32768.0000, 32768.0000, 0.0000
32768.0000, 32768.0000, 0.0000
32768.0000, 32768.0000, 0.0000
32768.0000, 32768.0000, 0.0000
32768.0000, 32768.0000, 0.0000
32768.0000, 32768.0000, 0.0000
32768.0000, 32768.0000, 0.0000
32768.0000, 32768.0000, 0.0000
32768.0000, 32768.0000, 0.0000
32768.0000, 32768.0000, 0.0000
32768.0000, 32768.0000, 0.0000
32768.0000, 32768.0000, 0.0000
32768.0000, 32768.0000, 0.0000
32768.0000, 32768.0000, 0.0000
32768.0000, 32768.0000, 0.0000
32768.0000, 32768.0000, 0.0000
32768.0000, 32768.0000, 0.0000
32768.0000, 32768.0000, 0.0000
32768.0000, 32768.0000, 0.0000
32768.0000, 32768.0000, 0.0000
32768.0000, 32768.0000, 0.0000
32768.0000, 32768.0000, 0.0000
32768.0000, 32768.0000, 0.0000
32768.0000, 32768.0000, 0.0000
32768.0000, 32768.0000, 0.0000
32768.0000, 32768.0000, 0.0000
32768.0000, 32768.0000, 0.0000
32768.0000, 32768.0000, 0.0000
32768.0000, 32768.0000, 0.0000
32768.0000, 32768.0000, 0.0000
32768.0000, 32768.0000, 0.0000
32768.0000, 32768.0000, 0.0000
32768.0000, 32768.0000, 0.0000
32768.0000, 32768.0000, 0.0000
32768.0000, 32768.0000, 0.0000
32768.0000, 32768.0000, 0.0000
32768.0000, 32768.0000, 0.0000
32768.0000, 32768.0000, 0.0000
32768.0000, 32768.0000, 0.0000
32768.0000, 32768.0000, 0.0000
32768.0000, 32768.0000, 0.0000
32768.0000, 32768.0000, 0.0000
32768.0000, 32768.0000, 0.0000
32768.0000, 32768.0000, 0.0000
32768.0000, 32768.0000, 0.0000
32768.0000, 32768.0000, 0.0000
32768.0000, 32768.0000, 0.0000
32768.0000, 32768.0000, 0.0000
32768.0000, 32768.0000, 0.0000
32768.0000, 32768.0000, 0.0000
32768.0000, 32768.0000, 0.0000
32768.0000, 32768.0000, 0.0000
32768.0000, 32768.0000, 0.0000
32768.0000, 32768.0000, 0.0000
32768.0000, 32768.0000, 0.0000
32768.0000, 32768.0000, 0.0000
32768.0000, 32768.0000, 0.0000
32768.0000, 32768.0000, 0.0000
32768.0000, 32768.0000, 0.0000
32768.0000, 32768.0000, 0.0000
32768.0000, 32768.0000, 0.0000
32768.0000, 32768.0000, 0.0000
32768.0000, 32768.0000, 0.0000
32768.0000, 32768.0000, 0.0000
32768.0000, 32768.0000, 0.0000
32768.0000, 32768.0000, 0.0000
32768.0000, 32768.0000, 0.0000
32768.0000, 32768.0000, 0.0000
32768.0000, 32768.0000, 0.0000
32768.0000, 32768.0000, 0.0000
32768.0000, 32768.0000, 0.0000
32768.0000, 32768.0000, 0.0000
32768.0000, 32768.0000, 0.0000
32768.0000, 32768.0000, 0.0000
32768.0000, 32768.0000, 0.0000
32768.0000, 32768.0000, 0.0000
32768.0000, 32768.0000, 0.0000
32768.4329, 32768.0000, 0.4329
32769.0765, 32768.8658, 0.2107
32770.0199, 32769.2936, 0.7263
32770.9611, 32770.2168, 0.7443
32772.2978, 32771.0770, 1.2208
32774.6134, 32772.4368, 2.1765
32777.8686, 32774.8104, 3.0582
32781.9750, 32778.0404, 3.9346
32788.0324, 32782.1008, 5.9317
32796.2975, 32788.1979, 8.0997
32807.0289, 32796.4081, 10.6208
32821.3199, 32807.0547, 14.2652
32840.5854, 32821.2830, 19.3024
32865.3603, 32840.4227, 24.9376
32897.8074, 32864.2909, 33.5165
32938.9476, 32947.4236, 8.4760
32991.4731, 33002.0129, 10.5398
33056.9674, 33071.7724, 14.8050
33138.6696, 33157.3857, 18.7161
33239.1175, 33263.8743, 24.7568
33360.9242, 33390.2274, 29.3032
33507.5361, 33545.1117, 37.5756
33682.6128, 33730.2955, 47.6827
33889.1476, 33949.7915, 60.6439
34129.8684, 34204.6093, 74.7409
34407.9206, 34500.2947, 92.3741
34725.7630, 34679.7985, 45.9645
35085.7382, 35039.4672, 46.2710
35488.4110, 35445.0430, 43.3680
35934.4825, 35895.6430, 38.8395
36423.8576, 36392.7717, 31.0859
36954.7386, 36933.4606, 21.2780
37524.1491, 37515.0884, 9.0607
38129.0922, 38136.1836, 7.0914
38764.1585, 38745.2821, 18.8764
39424.3384, 39414.4938, 9.8446
40102.8145, 40105.7897, 2.9752
40791.9766, 40848.1746, 56.1980
41484.8323, 41553.0816, 68.2493
42172.7580, 42258.6210, 85.8630
42848.5334, 42654.4794, 194.0540
43503.7874, 43311.7385, 192.0489
44132.0329, 43945.7098, 186.3231
44726.1236, 44591.1697, 134.9539
45280.7464, 45139.8833, 140.8631
45791.3405, 45659.4794, 131.8611
46254.9142, 46119.0710, 135.8432
46668.5696, 46530.2406, 138.3290
47031.5745, 46934.8437, 96.7308
47344.4959, 47243.1807, 101.3152
47608.3315, 47507.5388, 100.7927
47824.9133, 47702.1858, 122.7275
47997.5924, 47822.5286, 175.0638
48130.1082, 47943.0744, 187.0338
48227.1440, 48107.3437, 119.8003
48292.6114, 48164.6177, 127.9937
48331.5546, 48176.0811, 155.4735
48349.1379, 48195.8168, 153.3211
48349.7081, 48157.6261, 192.0820
48337.5845, 48147.1349, 190.4496
48316.2530, 48135.3720, 180.8810
48289.7422, 48123.3863, 166.3559
48260.0904, 48110.8403, 149.2501
48229.6176, 48116.3612, 113.2564
48199.6557, 48088.9750, 110.6807
48170.8404, 48054.4166, 116.4238
48143.1471, 48009.8735, 133.2736
48115.9578, 47954.0343, 161.9235
48088.1553, 47888.0777, 200.0776
48058.2394, 48106.8083, 48.5689
48024.4614, 48130.6977, 106.2363
47985.3862, 47768.3191, 217.0671
47938.5584, 47814.0296, 124.5288
47882.6334, 47843.9586, 38.6748
47816.2772, 47821.7567, 5.4795
47738.5350, 47789.1259, 50.5909
47649.3199, 47677.8561, 28.5362
47548.3297, 47594.6694, 46.3397
47435.5810, 47495.3358, 59.7548
47312.1378, 47350.9443, 38.8065
47179.0653, 47197.8833, 18.8180
47037.3121, 47054.3144, 17.0023
46888.5426, 46902.3407, 13.7981
46733.9114, 46744.1809, 10.2695
46574.6448, 46582.0944, 7.4496
46410.9761, 46416.2487, 5.2726
46243.2814, 46246.1765, 2.8951
46071.1105, 46073.1815, 2.0710
45894.7949, 45902.9213, 8.1264
45711.9380, 45716.7355, 4.7975
45522.3416, 45531.3699, 9.0283
45324.5334, 45365.6210, 41.0876
45116.2372, 45169.3544, 53.1172
44896.5340, 44967.9034, 71.3694
44664.4101, 44749.9696, 85.5595
44418.8839, 44470.8758, 51.9919
44160.6894, 44216.3678, 55.6784
43890.2902, 43948.9707, 58.6805
43609.1992, 43670.8312, 61.6320
43319.2713, 43381.4273, 62.1560
43023.8847, 43083.5385, 59.6538
42727.3409, 42782.0187, 54.6778
42432.6800, 42481.7108, 49.0308
42144.3759, 42185.3338, 40.9579
41867.4305, 41898.2061, 30.7756
41606.6891, 41625.7035, 19.0144
41366.1124, 41377.0308, 10.9184
41149.6988, 41148.1798, 1.5190
40961.0517, 40946.1378, 14.9139
40803.0077, 40774.8364, 28.1713
40677.9660, 40632.3105, 45.6555
40586.7594, 40520.5931, 66.1663
40530.4277, 40447.6140, 82.8137
40509.0720, 40416.9622, 92.1098
40520.7370, 40419.6931, 101.0439
40565.2254, 40443.4615, 121.7639
40638.9863, 40595.5892, 43.3971
40740.3778, 40671.4764, 68.9014
40866.1844, 40739.3728, 126.8116
41012.1288, 40795.2539, 216.8749
41174.6137, 41164.8318, 9.7819
41349.5159, 41238.8087, 110.7072
41533.1149, 41326.0806, 207.0343
41720.5881, 41417.6757, 302.9124
41908.2953, 41570.6390, 337.6563
42092.9416, 42187.6380, 94.6964
42271.2091, 42265.0361, 6.1730
42440.4646, 42533.0885, 92.6239
42599.8530, 42557.6037, 42.2493
42748.3755, 42755.6756, 7.3001
42885.7964, 42945.4942, 59.6978
43014.3013, 43070.6419, 56.3406
43136.7370, 43189.0242, 52.2872
43256.2765, 43297.8193, 41.5428
43377.8205, 43340.9954, 36.8251
43505.5703, 43450.2635, 55.3068
43646.0989, 43565.5017, 80.5972
43805.1742, 43698.4636, 106.7106
43987.9000, 43854.4252, 133.4748
44199.9022, 44031.0301, 168.8721
44445.2058, 44326.7583, 118.4475
44727.7434, 44593.6011, 134.1423
45049.3748, 44902.2897, 147.0851
45411.2020, 45257.1916, 154.0104
45811.5565, 45648.9803, 162.5762
46248.6567, 46082.6548, 166.0019
46718.2314, 46558.7266, 159.5048
47214.4062, 47258.8893, 44.4831
47730.6974, 47815.4626, 84.7652
48259.7213, 48375.1214, 115.4001
48792.2296, 48941.9105, 149.6809
49319.4754, 49496.4910, 177.0156
49831.9960, 50029.0758, 197.0798
50321.4344, 50545.4938, 224.0594
50778.8451, 51017.8682, 239.0231
51196.4474, 51448.9237, 252.4763
51567.8774, 51835.6202, 267.7428
51887.0120, 51959.0061, 71.9941
52149.6038, 52255.4012, 105.7974
52353.3796, 52491.3981, 138.0185
52496.5845, 52636.6721, 140.0876
52579.3346, 52748.7644, 169.4298
52603.1155, 52711.7275, 108.6120
52571.0960, 52669.6252, 98.5292
52486.4224, 52579.3797, 92.9573
52354.5190, 52441.5639, 87.0449
52180.0856, 52249.8937, 69.8081
51969.3250, 51991.9649, 22.6399
51728.1232, 51665.9869, 62.1363
51461.8772, 51672.6699, 210.7927
51177.1736, 51278.0060, 100.8324
50877.5587, 50787.3705, 90.1882
50568.4008, 50407.9514, 160.4494
50253.1580, 49264.1567, 989.0013
49933.8378, 49390.3262, 543.5115
49612.9974, 49640.6102, 27.6128
49290.9707, 49487.9816, 197.0109
48968.9835, 49092.3031, 123.3196
48646.1698, 48775.9995, 129.8297
48323.7573, 48499.7527, 175.9954
48000.9222, 47842.9278, 157.9944
47677.7301, 47514.1473, 163.5828
47354.3914, 47363.0299, 8.6385
47032.1634, 47082.8160, 50.6526
46712.5668, 46774.5603, 61.9935
46397.9786, 46471.4636, 73.4850
46091.4997, 46165.7048, 74.2051
45797.3318, 45864.7047, 67.3729
45519.1608, 45585.4481, 66.2873
45262.1861, 45270.0388, 7.8527
45031.4394, 45023.2196, 8.2198
44831.5523, 44805.7637, 25.7886
44667.7584, 44621.4389, 46.3195
44544.4402, 44481.6233, 62.8169
44465.3657, 44378.0058, 87.3599
44434.1659, 44315.6640, 118.5019
44451.8659, 44292.4065, 159.4594
44519.6142, 44297.1239, 222.4903
44636.6295, 44432.2696, 204.3599
44801.6604, 44519.5151, 282.1453
45011.7665, 44610.9144, 400.8521
45263.0299, 45152.7519, 110.2780
45549.8425, 45238.3388, 311.5037
45865.5043, 45705.8099, 159.6944
46202.9569, 45890.2302, 312.7267
46554.3471, 46171.9899, 382.3572
46910.3259, 46735.8475, 174.4784
47262.7040, 46786.1418, 476.5622
47601.6926, 47553.6349, 48.0577
47918.6018, 47893.3542, 25.2476
48205.2836, 48203.8269, 1.4567
48453.8654, 48487.5113, 33.6459
48656.5456, 48846.3989, 189.8533
48807.7090, 48993.9211, 186.2121
48903.1460, 49107.8148, 204.6688
48938.6656, 49178.9994, 240.3338
48913.9274, 49189.5932, 275.6658
48827.6916, 49057.6415, 229.9499
48681.3407, 49019.8882, 338.5475
48478.1257, 48952.3562, 474.2305
48222.6450, 48860.3464, 637.7014
47919.9492, 48694.9234, 774.9742
47576.7911, 48306.0557, 729.2646
47199.4980, 47980.7292, 781.2312
46796.5572, 47569.0623, 772.5051
46376.7468, 46193.7439, 183.0029
45947.3378, 46082.7638, 135.4260
45516.8035, 45707.2239, 190.4204
45093.1480, 45309.3025, 216.1545
44682.9214, 44807.3297, 124.4083
44292.5664, 44272.6948, 19.8716
43928.5419, 43866.5191, 62.0228
43595.3736, 43522.6504, 72.7232
43297.1432, 43226.2353, 70.9079
43037.0475, 42907.5724, 129.4751
42817.4143, 42660.9646, 156.4497
42639.7366, 42453.8348, 185.9018
42504.4336, 42281.4413, 222.9923
42411.8697, 42221.5057, 190.3640
42361.6348, 42212.0697, 149.5651
42352.0589, 42265.1750, 86.8839
42381.4010, 42291.6647, 89.7363
42447.4985, 42385.4084, 62.0901
42547.8565, 42487.1643, 60.6922
42679.4451, 42593.8621, 85.5830
42840.0664, 42719.7593, 120.3071
43026.0626, 43261.6485, 235.5859
43235.2008, 43158.8490, 76.3518
43463.9606, 43216.5521, 247.4085
43710.4135, 43250.6079, 459.8056
43971.7266, 43656.3858, 315.3408
44245.4664, 43897.9281, 347.5383
44530.4948, 44871.5902, 341.0954
44824.5085, 44634.5758, 189.9326
45126.6507, 45064.3522, 62.2985
45435.8718, 45359.3460, 76.5258
45751.3673, 45668.9400, 82.4273
46072.8385, 46049.0006, 23.8379
46399.0625, 46386.8076, 12.2549
46730.4759, 46695.8067, 34.6692
47065.9695, 47013.7176, 52.2519
47405.7363, 47415.0376, 9.3013
47749.4982, 47757.4006, 7.9024
48096.9093, 47976.2986, 120.6107
48448.0648, 48319.2265, 128.8383
48802.0282, 48662.7418, 139.2864
49158.3872, 49091.3866, 67.0006
49516.6726, 49438.0675, 78.6051
49875.8157, 49798.2938, 77.5219
